Username,Comment
@Kiyotakapartik,Bhai mera chota bhai ne pure phone kahe liya veg tha
@naturelover4889,Koi hai 2026 me 🎉🎉❤❤❤
@crazy_nabbu,"Brother, I was just drinking water and you made me laugh so hard that I threw away all the water.😂😂😂 4:17"
@mustakansari2462,Password 101
@jamunamandal7090,Tijori khulati Kyon Nahin Hai andar Johnny Singh hai
@jamunamandal7090,Posowarb101
@whhsuhdje,Processor + jab kattra😂😂😂😂
@Latif_Shaikhh,Best Collab ❤
@misterarkay,My favorite youtube 😂
@LopeshPatel-b4o,Laughing from Chhattisgarh...😂
@BURRPY10,Himachal 😅😅
@happydeathdayyy,0:46  tu bhi mujhe bhid main mar raha tha 😂
@AmitYadav-o8c6w,0:47
@Sayanidas-h1e,Useless
@mukhtarhussain4610,3:18 best part of the video 😂
@VickySingh-oy5wn,Mojhe laga Punjab ka v nam aye ga
@Anteshkumar0001,2:04 😂😂😂
@yuvrajharvdiya5750,43 is averry funny 🤣🤣
@JRmusiccover,Bhople🤣🤣
@Aarav_Ultimate,2:11 phat phat😂
@harmoniousSiraat,bring back that low grade style animation back
@manishmiree,Chhatisgarh ❤
@ALLTYPESMOVIES-cl6be,3:22 😂😂
@Mtz_mehul_gmt,mainde fresh video 😂
@patnaai,3:18 is the best scared move 😂😂
@TarunS-r7i,4:36 tarun naam wale likaro
@TarunS-r7i,Kis kis ka naam tarun hai like karo is comment ko
@HindiDreamStoryAnimations,nice
@abdulahad-r1z7f,Love for Pakistan 😅
@FasiaKashif,Auto wale tujhe bhi pata nahin hai kya chij hai😅😅😅😅
@homelessbalak,😂😂
@tarankumar5357,bhai tera vice सुनने मे बहुत मजा आता है 🤣🤣🤣🤣
@RDX-g5x,1:58 Jai chattisgarh ❤❤
@PankajRajoriya-sd5zr,Pankaj ne kya bigada he bhai tera 😅😅
@MAKKHAN007,2:15😂
@jaaname,Posword 101
@AlokKewat-s3w,20₹ super thanks
@JanviPundir-x1j,Password 101😂😂😂😂
@Pritinishakoch09,3:17 besttt😂😂😂
@RaselAlam-rg2dc,Password 101..😂😂
@narayanpanda-qx4my,4:05 tnt ka sound minecraft se tha😂😂❤🎉🤣🤣
@kirmada4148,Any One Here 2025❤❤
@ClipverseToons,😂😂❤
@JyotiJi-o5y,Nice yar 😈🥰
@Somuyyaaaa,101 password Hai 😡😡😡
@mayurvala2088,5:02 Kese Socha Mene A
@Sapnamishra-z9x,Password pahle se likha hai 101😂😂
@SakibIslam-k4f,Why this video was in netflix 😂😂
@KaranveerSingh-m2o,5.20 😂😂😂😂😂😂😂😂
@crossoverscript4975,Koi bhedbhaaw nai 2 state 2 city
@VibeFrame-p7f,Love it and addictive 🍷♥️
@lucifer_429,1:18 processor 🗿🤣
@firebreakers7255,0:11 are pankaj toh mera name he😂😂😂
@christopherrobert443,Aur money heist ki kahani dhoom 3 Jaisi
@Selmonbhai3653,2:26 😂😂😂😂
@FasiaKashif,😂😂😅
@dhavalgondude2589,Password 101 😂
@shahanasyed8499,Processor😂😂😂 1:18
@PakistanZindabad-e7k7h,Anyone watching 2026?
@Dhanywad_Aapka,Chhattiagarh Jo Hai Like Karo
@HemantSahu-pe4pq,Chattisgarh ❤❤❤
@flamtun,Jo bhi ho twist to tha end me😂😂
@BrajeshKumar-cf8oj,Passggxghhkhg
@savitacg8079,😂😂😂😂😂😅
@ZackChina,Password 101 in ko nazer nhi aya
@FasiaKashif,😂😅🙄
@FasiaKashif,Bahut achcha planet
@MuhammadAmmarHassnain,Ma
@Dayasagar_yadaw,Dill khush kar diya Chhattisgarh se hu na
@abdullah_armpower,Interesting ❤😮
@Shantnu-n2b,Yes
@sfgksuadgfkuSaras,🤣🤣🤣
@movieseriesdramalinks,Chhattisgarh 😂
@tac-cc,I'm pankaj 😢
@gupta-ti3tn,Kya re
@s.singhayt4007,3:17 😂😂
@AashishKumarPatel-l4c,Chhattisgarh 😂😂😂😂😂
@Baba-ic4un,Password 101 😂😂😂
@dhananjaychaubey6046,3:19 team up team up no kill😂
@Animereaction-d8x,"Icic 👎❌
Buy c buy c bank😂🫡☑️"
@Animereaction-d8x,Bhople made me😂😂😂😂
@Govindpatel-v1e,nice so cool video......💎💎💎💎💎💎💎💎💎💎💎💎💎💎
@THEBiSHTAVLOGGER,Hmm dekha
@Vishu34597,Thanks
@copyrightchannel2754,Rip😂😂😂
@PankajKaiwartya12,par kahani to pankaj ka tha 😅😢😮
@PankajKaiwartya12,Chhattisgarh 😅😅
@najibulsardar3208,Are yr ab isme ketchup konsa or khon konsa 4:51 🫵😂
@thakapilsteel,Password 101
@mohandubey7883,3:19 😂😂
@shahbazsarwar3180,😂😂😂😂😂😂😂😂😂😂😂😂😂😂😂😂😂😂😂😂😂😂😅😅😅😅😅😅😅😅😅😅😅😅😅😅😅😅😅😅😅😅😅😅
@cgk2nofficial,Chhattisgarh ❤❤
@DURGESH-s7u8i,Phopal aor chhattisgarh 😂😂😂
@Highgamer111,2:36  😂😂
@peakyediter,You roasted my profile 😂
@Xuu6Ds,3:17 😂😂😂
@Xuu6Ds,3:03 😅
@lazy5799,Who watching in 2026😊
@PankajKumar-dk2ti,Bhai tumhe yahi naam mila??
@pkgamer2936,Can i make reaction  video... without copyright   netflix
@EpfoZone,Madrchod 😂😂
@MrManun-j1o,Ye kux alg hi tha 😂
@suryasarkarshekhar6135,❤
@bhagtivaanii,Madhya Pradesh wale Attendance lagaye...😅😅😅
@ANOZXBOX,"Password ""101"""
@madhavkhuteff,Password 101😅
@RazadeveloperAnime,Password lekha howa tha ya adiua bohot funny tha
@premthakur5307,54
@Darkking10021,Noty ❤
@soumyrai3533,Chhattisgarh 🙌
@RahulKashyap-m6n8f,Best not your type😂😂❤❤
@Techno-brothe-vai,Suscribe single's 😂
@ahmadbhatti4575,3:18 scene that made my day of laughing 😂😂😂😂😂😂
@maichaaaaaaaaa6494,Dhoom machale dhoom machale 2:55
@ABDUL_534,ok good 👍and on the body Not you  👌❤❤ok thanks to the body pakistan ok good night
@ABDUL_534,ok good 👍and on the body Not you  👌❤❤ok thanks to the body pakistan ok good night😊 2:20  ok
@SiffatKhab,I cannot control my laugh when i watch your video 😂😂😂
@AARYANisLIVE-q9r,Bhaiya
@PrathameshDubey-b6r,1:18 processor bhai itna tej hasne aaya na 😂😂😂😂
@MuhammadAli-MAK777,Processor😂😂😂😂
@KABIRSIGH-r1z,Hey my name is pankaj 😂
@disrespect-xo,😂❤❤❤🎉
@NOOBGAME973,Better than Money heist 😂😂
@Sr_G_gaming.,Anyone in August 😂
@thugh817,Password 101💀
@cchherra_Zhangchenfang,Zotato😂
@mr_om_jangde22,I praud of chhattisgarh 🎉🎉🎉
@harsh.technical6,I always watch your videos. You are the best animated videos maker. Love from Chhattisgarh ❤
@pragyarathore8630,Love from Chhattisgarh❤
@TRADE_WITH_AVIJIT_07,Main bhi 2025 se dekh raha ru
@F3NHOX_JOD,I'm from chhattisgarh
@Levi-y9h1q,Op
@shivagangblog-y2k,2:20
@Senseijoyboy786,Yeh indore wale sirf bhopal walo se badla niklte hai 😭
@logictech4085,Ye hai kon jo  future se video dekhne aa raha hai
@NandkumarKorram,❤😂
@Ghosthammer121,Not your is best animation youtuber you like not your type.                Like
@skmobilehelp6590,27.5 se ho
@yimarbagra2487,Doom 3 jaisa lag Raha hai script starting mein
@IPL-Edgee,Anyone watching in 2039
@sumanmahata8119,Kon kon 2026 me dek raheho..
@bajrangyadav4853,Chhattisgarh 😂😂
@viralankitsir07,जय जगन्नाथ महराज ‌की जय हो 🙏🚩🚩🙏🙏🚩🚩🚩🙏🙏🚩🚩🙏🙏🚩🚩🙏🙏🚩🚩🙏🙏🚩🚩🙏🙏🚩🙏🙏🙏🚩🚩🙏🙏🚩🚩🙏🙏🚩🚩🙏🙏
@ranalagdhirsinhranalagdhir4047,Anyone from 2026 ?
@KaranMourya-r7n,Ha mai hu 2025 july26
@omkarmirashi7308,Bhopale😂😂😂😂
@roshannishad21,I'm from chhattisgarh 😅
@VickyBaghel-w2g,Chattisgarh??
@MunnaMunnadas-c7l,NICE VIDEO
@VandanaVerma-q3z,0:47😂😂
@btsgaming997,Password 101 😂
@hassanjan5369,03:20 ye konsa tariqa h drny ka
@hariaryan1388,Bhai koi money heist ka agla season kab aigha bata sakta hai 2025
@Normal_User2,Bhople 😅
@SalimKhan-ep8zu,3:16 best part
@TheOyabun-j1b,"Jab nahi ❎
 Bud ✅ 😊"
@DerekDibyendu,3025 mai kaun dekh raha hai 🤧🌝
@virusdefinite007,Chhattisgarh 😂😂
@zynx_yt5,ZOMATO ❌ZOTATO✅
@zynx_yt5,ZOMATO ❌ZOTATO✅
@zynx_yt5,ZOMATO ❌ZOTATO✅
@rashminautiyal1924,Main Nahin kha Paya video
@scootsiram8789,Op not your type❤❤❤
@Guri_m_007,😂😂 nice 👍
@SheelaDevi-y8l,Procceser 😂😂😂😅😮😂😅😂
@Hop-hopisgoat,3:18 bank robbery 😂
@rohanpatel7720,18/07/2025
@surajwaghmare8298,Zotato😂😂
@irfanxd66,Pass ; 101 🤣🤣🤣🤣🤣🤣 4:00
@Pankajgautam-i9b,Sale
@MaheerAnasri,Kia baat ha Maza agyaa surpr wow yar 😂😂
@goludayama4064,Ram ram
@AnimalTalesz,Bekar script
@sankalpbansode2007,Kon kon 2025 mai dekh raha haii 😂😂
@PANKAJKUMAR-pt9wi,Best video in your channel 😂😂😂😂😂😂🎉
@gurpreetbraraklia1149,Is there any possibility to Money heist season 6??
@animoart-b3j,101🤧
@manismortal6971,Professor ❌ processor ✅🤣
@AnkitMiri-l4v,Cg se ho kya
@km-creator-17,3:57 hai eswar ...😂😂😂😂
@theb3304,04:00 ye tijori kholne ka tarika Badiya he guru 😂
@legendhamzaff331,Maza agaya
@chandrashekhardadsena134,Chhattisgarh was personal 😂😂
@Mizuu_kiiii,kyyjrvgetjjuht
@nanikikahaniya8,2:00 chattisgarh was personal 😂
@Smile76b,भाई तुमने मेरा नाम यूज किया है😡😡😡😡😢
@Aniketchauhan-g9o,One more video on squid game 😅😅
@aimal875,Nice ❤❤❤❤
@TejasviMaurya-n9e,Password 101
@GargishankarSahu,Love from chhattisgarh
@Arpgeto,"Doom machale Dhoom machale, chicken paaka le"
@Factzsez,59:59
@Factzsez,9:56
@Factzsez,6:42
@Factzsez,5:09
@Factzsez,1:00
@Factzsez,1:01
@Factzsez,2:09
@Vaibhav360-url,at 3:35 to 3:45 is so funny
@GaneshRam-e7k5b,I am here chhattisgarh
@damnjirou,3:22 : doechiiiiiiii
@NezukoGaming-x2x6q,*I am from chhattisgarh 😂😊*
@alphastavys13,2:00 bhople 😂🤣
@Arnav_PlayZ97,56l
@MohammedUmair-o8v,2:00 bhoplee
@Krishna3-h3i,😂😂😂😂😂😂😂😂😂😂😂😂😂😂😂😂😂😂😂😂
@mdshakir2551,😂 Password 😂 101😂
@jaskarangill3563,😂😂😂
@rcrahulkumar123,Password 101😂
@Shreyashkatiyar08,5:57 plot twist😢
@Hash_ai_yf,Keya video Hai yaar 😂😂😂
@TarunBarik107,Meri Kya galti thi 😢
@TarunBarik107,Aur maar bhi diaa 😤😤
@TarunBarik107,Hi Not your type my name is Tarun .are zotato ka delivery boy banadia . 😂😂
@HimachaliGrewalVlogs,Himachal❤
@jigneshvasava001,Nice yar😂😂
@Dnt7080,Netflix ka 199 wala plan he tv pe ghr pe koi dekh rha he isliye phone pe yh youtube pe dekhna pd rha he 😢
@princysahu-en8gx,"After listening chhattisgarh 
Me be like - chalo koi toh janta hai😅"
@Usachildrenshort,Mera hi naam mila tha kya (pankaj)
@anubhabkar7283,Best version of Honey Heist ❤❤😂😂
@bts_army-j5u,1:58 bhople 😂
@extraonmymail4673,Dhoom ki story 😂
@nawaparihatura,"अबे मनी हिस्ट की तरह नहीं, मनी हिस्ट की कहानी सुना रहा है 😜🤪😘😍 मैं छत्तीसगढ़ से हूं"
@Aun.Sk-s4x,1:55 😂😂
@ShaheenKhan-bu7ut,Esi hi videos banya karo 😂😂😂😂
@HarshVardhan-g7m,TIJORI PASS. 101
@gameondude8183,Koi he 2028 se🎉🎉🎉
@Akshitasrivastasva2240,Very nice siries
@Akshitasrivastasva2240,Belachao
@PankajNarah-s3m,My name is pankaj 🎉😂😢
@Yahya.Qamar.,2;28 kahe to aap ke piche daal de bohut mast chalti h bhat bhat 😂😂
@k.kbhatmajria9349,😅😅
@sohel_ahmed_rana_2,e kiya hain yaar
@arjunyadav-pf1mf,😂😂
@KrishnaYaduvanshi-r4e,Prosser 🤣🤣🤣
@HADBAC-xn3fq,Congrats bhai netflix pay aa gaye tum toh @NOTYOURTYPE
@youtubeautomation7,😂😂😂❤
@vishal_charak,😂😂
@aslambabzada5270,2:04
@royaltiger4907,Processor
@ZORO-740u,im gonna watch the real one coz this one is very funny🤣😅
@animelover-1K-1M-shorts,this is my son name .. Please  don't use pankaj name on your video . my Son really facing roasting on her school .
@animelover-1K-1M-shorts,why you use pankaj name
@YashSahu-f4u,Mai bhi hu Chhattisgarh se hu mai bhi dekhta huu ❤
@Nrayoutuber,3:22  ye konsa tarika hai darne ka 😂😂😂
@DEENTUNES-7,3:18
@MRGHOSTGAMINGPK,broooooo tu netflix pa wow
@bansisnh-vx7fx,The collab that no one expected but everyone NYT X Netflix ❤😊
@TarunkumarVishawakarma,4:36 mera name bhi TARUN hai bhai😂😂😂
@OmprakashSabar-td3kz,👍👍👍👍👍👍👍👍👍👍
@Annuurag,Bhopal or chattisgarh
@aasimansari6101,Password 101😂
@Sanjugemieg544,Nice
@shayanhayat-xu5jn,did anyone notice the sound of the gun was the gta san gun sound
@nepalisir1,Focus Karo Pankaj blue se sky blue ho gayaan bina cap k 😬
@GltrivikramTrivikram,Processor
@SandhyaKumari-sb9ug,😂😂😂😂😂😂😂😂😂😂😂😂😂😂😂😂😂😂😂😂😂😂😂😂😂😂😂😂😂😂😂😂😂😂😂😂
@sushilkumarsingh2658,101
@VegitoKingOfDragon,Original Money Heist NotYourTyps
@igame2644,Chudail ka dance thoda aur reel jaisa ho
@mdayan4821,Better story than money heist
@BADBOY-47T,Second 🥈 channel not your type 🫥😶‍🌫️
@tiger8m0t0,Thank you bro🙏
@Waleedislam-j3o,Bro graphic per kam karo thoda Baki video aapki bahut zabardast hai   waleed from pakistan
@usharawat6255,Hi
@8ddivyanshugiri420,This is money hiest the untold story
@8ddivyanshugiri420,Best collaboration ever but untold
@kartikdheevar8138,2:58 chiiii 😂😂😂😂
@MuhammadAmir-xf6we,Awesome
@ankitayadav8422,"password kitana mushkil tha.....
Army of thiefs ko bulana padega 🤔"
@PankajBafila-xd7lz,😂😂
@prateekkashyap6751,Haxab yaar.. last me twist mast the
@PilinNinggo,Zomato❌️zotato✅️
@Vish-zen.x,Kon hai 2026 se
@aakanshaverma9834,"This like is only for not ur type, 😑not for Netflix."
@JilimaBegum-sb2yv,Mai hu
@spinny1k,Hp☺️
@TPB_64_BOYS,I love your video and voice 😍
@monkey-z5o-d6j,Dil khush kar diya
@sharadkhambete3680,Apun ke alaawa kon dekh raha 2025 me?
@malikshab-o9f,
@ElahaAnsari,Bro his soundd😂😂😂😂😂 RESPECT FOR THIS LEGEND
@pankajchamoli9055,Mujko kyu toda😓
@MAX777-l9,😂😂😂😂😅✅👍👍
@AbuTalebTalha-j7f,😂
@Piroxsahil,0:18 😂
@Wait166,😅Op
@AliaSingh-x1v,Kya suru me gaali deke bad me kehte h pure veg or Hari vari h 😂😂😂😂😂😂😂😂😂😂😂
@ShashikantKumar-t1r,Password 101😅😅😂😂😂😂
@tech_nara,Xxx
@suryabhanujit2090,😂😂😂
@beyhanshsabinkar1036,That Minecraft TNT sound
@rishisharma14041,😂😂
@obsidian_oracle-JM,not your type  ki video bari der baad ati ha
@kapiltiwari1614,6:08
@kapiltiwari1614,5:11
@raulmalhotra3287,😂
@subhrajit898,Kaun aya hai 2030 se dekhne
@RUDRA_x_FF,ICIC ❌ YCYC ☑️
@navdeepVibes,This video is a copy of a film thunivu
@MalikShah-p7h,ap kahen to aapke
@prime_luffy44,iss video ke aath khana hua pura aab milte h syaam ko old video ke sath❤🤣
@prime_luffy44,bhai aap video chhoti bnate ho 😂 koi ma vese shi h😁
@prime_luffy44,abhi ye dekh rha hu 👋
@ayushsharma1392,love from chattisgarh 😅❤
@lost_boy_journey7614,Tu bhi mujhe bhid main maar raha tha 😂😂😂
@AnandaSarkar-bt5co,hii
@SKumar-og3dz,Bhople😂😂😂
@ShyamchandPandit,Yes❤❤
@Ultra-ViralShorts,Nice me in 2025
@DiyaSisodiya-u9j,😂😂😂😂
@AtindraPatel-w9j,SUPER HERO GAME 😂😂😂😂😂😂😂😂😂😂😂😂😂😂😂😂😂😢😢😢😢😢😢😢😢😢😢😢😢😢😢😢😢😢😢😢😢😢😢😢😢
@HannahZoya,Well not your type video always have a great moral❤❤❤😂😂😂😂😊
@Sk_God999,Rip off
@saifshekh2399,Bhai esa khata smay dat dut gya
@KILLSWIT,Why always bhopal bhaiya?? Bhopal se ho ap
@patel_srakar,😂😂😂😂😂😂😂
@Brainbooster2.O-h2g,Ha
@AnilHealpsBlogs,Password to likha hi nehi kese pata chalega😂😂😂
@Lifeisistruggle,Tempu se bank lutne ja rhe hai 😂😂😂😂😂😂
@parnaghosal6159,😍😍😍😍 Ayesa chochte ho keyse tum Vai?? 🙏🏻🙏🏻🙏🏻🙏🏻
@YrNetam,He iswar😂😂😂
@veerendra-u6m,Jai adiwasi jai chattisgarh
@Md.Zahid.Hasan.34,4:15
@alikhan-oj3ht,Who's watching in 2026
@phptutorial3663,😂😂😂
@AnonymousLegion-kh6ln,😂😂🤣🤣🤣🤣🤣❤❤❤❤💯💯💯🙏🙏😊🌹🌹✅✅🔰🔰
@saadkhan-tc1xx,G
@himansubaladas8280,2:15 😂😂😂fav❤😂😂
@AnilHealpsBlogs,Abe year ye gadhe kya gunda banenge 😂😂😂😂
@ShivamSing-h5c,Trafik ja miya 😅😢
@purushottammarathi5998,Me hu 2025 me
@yuvrajff5256,1:57 Chhattisgarh on top 💀
@Pinku_Borah_Jr,Processor Mast Hai😅😅😂😂😂
@vkingboygamer2537,OP 😅😊
@Black-ft6uc,1:18 Processor 😂😂😂😂😂
@irfanbaba809,2:16
@RamotarKalam-n2p,3:19 😂😂
@Satyasingrajput-x3r,Very good 😂😂😂😂
@the_sweeter_weather,1:58 chhatisgarh 😎🤣🤣
@justenjoy9016,Good 😂
@YOUR_ASHU,Koi hai 2025 se 🎉😂❤❤
@lanuimsong8552,Your voice  is so funny  broo
@MONKEY_SHOTS_TV,YCYC Bank
@mr.michael4762,"nyt bro ye video mene 20 bar dekhi hai lekin man nahi vara , part 2 plz"
@Divyaraj77717,"Profesar❌
Prosesar☑️"
@priyankak5040,"""Dhoom machale Dhoom machale""😂😂"
@ArhanKhan-n4e,Not your type you are best ❤️❤️
@Muhammad_Faiq_00,@Faiq_420_Gaming
@Muhammad_Faiq_00,@faiezegamer
@THINUWA-YT,Iam timetrawal to past 😂😂😂😂😂
@THINUWA-YT,ME AT 2026
@StockTechieConsulting,Tatoo watoo
@Jitubhaiya1234,Kon 2028 me dekh raha he
@supershri1207,2:22 😂😂😂😂😂😂
@BgmiGod-p2f,Bgm is like x master
@THINKS_TREND,2026 me kon dekh rha he
@nerdthingofficial,Bhopal ko q thoda😂😂😂
@manojkumarbajpai5199,Password 101 but
@shekharvaid3772,3:20 best 😅
@shahadvgreat7285,indian bikes driving 3d  video ples
@foysalkhannijhum5168,Not your type?
@Cglonger,छत्तीगढ़ se hu
@Baglamukhimata09,Chhatisgarh 😂😂😂
@sanketkawadkar3482,😂🤣😅
@bongexplanation8470,Kya scripting hai mo***d
@PushpaSingh-bu2nd,Main Chhattisgarh Mein rahti hun😂
@vvksrmacse,Processor 🤣🤣🤣🤣
@tarbej19sharnagate,0:08 Rip–off 😂😂
@NishiYadav-i9x,What the hell 😂😂😂😂😂😂😂😂😂
@NitishPrustyIS--,Bhai hasi nhi ruk rhi
@kfshaikh3037,Net mirror 🪞🤣🤣
@Devansh_XT,101 😂😂😂😂😂
@aryanlegand9803,2:13 dhek tumne dheka
@alltotalprincgamer36,22 years
@Mr-Millionaier_o2m,Me in 2025
@terenff-short,Please support me
@prabirkumarghosh8163,😂😂😂😂😂😅😅😅
@HitrajSisodiya,Zotato??
@Mahesh-q4l3d,Password have 101
@raushankumar0627,Kaun kaun 2027 me dekh rha hai
@Anuvlogs-hd1oq,1819 me kon dekh raha hai
@scaryspokeystory,Like kro nhi to 2025 me exam me fall hoga yaken nhi to risk leke dekh lo
@illusioncreator3,❤❤❤❤❤❤❤❤❤❤❤❤❤❤❤❤❤❤❤❤❤❤❤❤❤❤❤❤❤❤❤❤❤❤❤❤❤❤❤❤❤❤❤❤❤❤❤❤❤❤❤❤❤❤❤❤❤❤❤❤❤❤❤❤❤❤❤❤❤❤❤❤❤❤❤❤❤❤❤❤❤❤❤❤❤❤❤❤❤❤❤❤❤❤❤❤❤❤❤❤❤❤❤❤❤❤❤❤❤❤❤❤❤❤❤❤❤❤❤❤❤❤❤❤❤❤❤❤❤❤❤❤❤❤❤❤❤❤❤❤❤❤❤❤❤❤❤❤❤❤❤❤❤❤❤❤❤❤❤❤❤❤❤❤❤❤❤❤❤❤❤❤❤❤❤❤❤❤❤❤❤❤❤❤❤❤❤❤❤❤❤❤❤❤❤❤❤❤❤❤❤❤❤❤❤❤❤❤❤❤❤❤❤❤❤❤❤❤❤❤❤❤❤❤❤❤❤❤❤❤❤❤❤❤❤❤❤❤❤❤❤❤❤❤❤❤❤❤❤❤❤❤❤❤❤❤❤❤❤❤❤❤❤❤❤❤❤❤❤❤❤❤❤❤❤❤❤❤❤❤❤❤❤❤❤❤❤❤❤❤❤❤❤❤❤❤❤❤❤❤❤❤❤❤❤❤❤❤❤❤❤❤❤❤❤❤❤❤❤❤❤❤❤❤❤❤❤❤❤❤❤❤❤❤❤❤❤❤❤❤❤❤❤❤❤❤❤❤❤❤❤❤❤❤❤❤❤❤❤❤❤❤❤❤❤❤❤❤❤❤❤❤❤❤❤❤❤❤❤❤❤❤❤❤❤❤❤❤❤❤❤❤❤❤❤❤❤❤❤❤❤❤❤❤❤❤❤❤❤❤❤❤❤❤❤❤❤❤❤❤❤❤❤❤❤❤❤❤❤❤❤❤❤❤❤❤❤❤❤❤❤❤❤❤❤❤❤❤❤❤❤❤❤❤❤❤❤❤❤❤❤❤❤❤❤❤❤❤❤❤❤❤❤❤❤❤❤❤❤❤❤❤❤❤❤❤❤❤❤❤❤❤❤❤❤❤❤❤❤❤❤❤❤❤❤❤❤❤❤❤❤❤❤❤❤❤❤❤❤❤❤❤❤❤❤❤❤❤❤❤❤❤❤❤❤❤❤❤❤❤❤❤❤❤❤❤❤❤❤❤❤❤❤❤❤❤❤❤❤❤❤❤❤❤❤❤❤❤❤❤❤❤❤❤❤❤❤❤❤❤❤❤❤❤❤❤❤❤❤❤❤❤❤❤❤❤❤❤❤❤❤❤❤❤❤❤❤❤❤❤❤❤❤❤❤❤❤❤❤❤❤❤❤❤❤❤❤❤❤❤❤❤❤❤❤❤❤❤❤❤❤❤❤❤❤❤❤❤❤❤❤❤❤❤❤❤❤❤❤❤❤❤❤❤❤❤❤❤❤❤❤❤❤❤❤❤❤❤❤❤❤❤❤❤❤❤❤❤❤❤❤❤❤❤❤❤❤❤❤❤❤❤❤❤❤❤❤❤❤❤❤❤❤❤❤❤❤❤❤❤❤❤❤❤❤❤❤❤❤❤❤❤❤❤❤❤❤❤❤❤❤❤❤❤❤❤❤❤❤❤❤❤❤❤❤❤❤❤❤❤❤❤❤❤❤❤❤❤❤❤❤❤❤❤❤❤❤❤❤❤❤❤❤❤❤❤❤❤❤❤❤❤❤❤❤❤❤❤❤❤❤❤❤❤❤❤❤❤❤❤❤❤❤❤❤❤❤❤❤❤❤❤❤❤❤❤❤❤❤❤❤❤❤❤❤❤❤❤❤❤❤❤❤❤❤❤❤❤❤❤❤❤❤❤❤❤❤❤❤❤❤❤❤❤❤❤❤❤❤❤❤❤❤❤❤❤❤❤❤❤❤❤❤❤❤❤❤❤❤❤❤❤❤❤❤❤❤❤❤❤❤❤❤❤❤❤❤❤❤❤❤❤❤❤❤❤❤❤❤❤❤❤❤❤❤❤❤❤❤❤❤❤❤❤❤❤❤❤❤❤❤❤❤❤❤❤❤❤❤❤❤❤❤❤❤❤❤❤❤❤❤❤❤❤❤❤❤❤❤❤❤❤❤❤❤❤❤❤❤❤❤❤❤❤❤❤❤❤❤❤❤❤❤❤❤❤❤❤❤❤❤❤❤❤❤❤❤❤❤❤❤❤❤❤❤❤❤❤❤❤❤❤❤❤❤❤❤❤❤❤❤❤❤❤❤❤❤❤❤❤❤❤❤❤❤❤❤❤❤❤❤❤❤❤❤❤❤❤❤❤❤❤❤❤❤❤❤❤❤❤❤❤❤❤❤❤❤❤❤❤❤❤❤❤❤❤❤❤❤❤❤❤❤❤❤❤❤❤❤❤❤❤❤❤❤❤❤❤❤❤❤❤❤❤❤❤❤❤❤❤❤❤❤❤❤❤❤❤❤❤❤❤❤❤❤❤❤❤❤❤❤❤❤❤❤❤❤❤❤❤❤❤❤❤❤❤❤❤❤❤❤❤❤❤❤❤❤❤❤❤❤❤❤❤❤❤❤❤❤❤❤❤❤❤❤❤❤❤❤❤❤❤❤❤❤❤❤❤❤❤❤❤❤❤❤❤❤❤❤❤❤❤❤❤❤❤❤❤❤❤❤❤❤❤❤❤❤❤❤❤❤❤❤❤❤❤❤❤❤❤❤❤❤❤❤❤❤❤❤❤❤❤❤❤❤❤❤❤❤❤❤❤❤❤❤❤❤❤❤❤❤❤❤❤❤❤❤❤❤❤❤❤❤❤❤❤❤❤❤❤❤❤❤❤❤❤❤❤❤❤❤❤❤❤❤❤❤❤❤❤❤❤❤❤❤❤❤❤❤❤❤❤❤❤❤❤❤❤❤❤❤❤❤❤❤❤❤❤❤❤❤❤❤❤❤❤❤❤❤❤❤❤❤❤❤❤❤❤❤❤❤❤❤❤❤❤❤❤❤❤❤❤❤❤❤❤❤❤❤❤❤❤❤❤❤❤❤❤❤❤❤❤❤❤❤❤❤❤❤❤❤❤❤❤❤❤❤❤❤❤❤❤❤❤❤❤❤❤❤❤❤❤❤❤❤❤❤❤❤❤❤❤❤❤❤❤❤❤❤❤❤❤❤❤❤❤❤❤❤❤❤❤❤❤❤❤❤❤❤❤❤❤❤❤❤❤❤❤❤❤❤❤❤❤❤❤❤❤❤❤❤❤❤❤❤❤❤❤❤❤❤❤❤❤❤❤❤❤❤❤❤❤❤❤❤❤❤❤❤❤❤❤❤❤❤❤❤❤❤❤❤❤❤❤❤❤❤❤❤❤❤❤❤❤❤❤❤❤❤❤❤❤❤❤❤❤❤❤❤❤❤❤❤❤❤❤❤❤❤❤❤❤❤❤❤❤❤❤❤❤❤❤❤❤❤❤❤❤❤❤❤❤❤❤❤❤❤❤❤❤❤❤❤❤❤❤❤❤❤❤❤❤❤❤❤❤❤❤❤❤❤❤❤❤❤❤❤❤❤❤❤❤❤❤❤❤❤❤❤❤❤❤❤❤❤❤❤❤❤❤❤❤❤❤❤❤❤❤❤❤❤❤❤❤❤❤❤❤❤❤❤❤❤❤❤❤❤❤❤❤❤❤❤❤❤❤❤❤❤❤❤❤❤❤❤❤❤❤❤❤❤❤❤❤❤❤❤❤❤❤❤❤❤❤❤❤❤❤❤❤❤❤❤❤❤❤❤❤❤❤❤❤❤❤❤❤❤❤❤❤❤❤❤❤❤❤❤❤❤❤❤❤❤❤❤❤❤❤❤❤❤❤❤❤❤❤❤❤❤❤❤❤❤❤❤❤❤❤❤❤❤❤❤❤❤❤❤❤❤❤❤❤❤❤❤❤❤❤❤❤❤❤❤❤❤❤❤❤❤❤❤❤❤❤❤❤❤❤❤❤❤❤❤❤❤❤❤❤❤❤❤❤❤❤❤❤❤❤❤❤❤❤❤❤❤❤❤❤❤❤❤❤❤❤❤❤❤❤❤❤❤❤❤❤❤❤❤❤❤❤❤❤❤❤❤❤❤❤❤❤❤❤❤❤❤❤❤❤❤❤❤❤❤❤❤❤❤❤❤❤❤❤❤❤❤❤❤❤❤❤❤❤❤❤❤❤❤❤❤❤❤❤❤❤❤❤❤❤❤❤❤❤❤❤❤❤❤❤❤❤❤❤❤❤❤❤❤❤❤❤❤❤❤❤❤❤❤❤❤❤❤❤❤❤❤❤❤❤❤❤❤❤❤❤❤❤❤❤❤❤❤❤❤❤❤❤❤❤❤❤❤❤❤❤❤❤❤❤❤❤❤❤❤❤❤❤❤❤❤❤❤❤❤❤❤❤❤❤❤❤❤❤❤❤❤❤❤❤❤❤❤❤❤❤❤❤❤❤❤❤❤❤❤❤❤❤❤❤❤❤❤❤❤❤
@waheguru._0099,😂😂
@pratiktharu1092,Kon Kon 2026 Mai dakha Raha hai
@MurmuClickz,3:44 Aare ruk na shemde😂
@ashwanipanchal9026,Wo 70 log to ni the
@Raaj-s4u,2025
@bixbee201,Nice 👍❤
@omnirmale4548,Bruh broke forth wall
@bhupesh8526,Chhattisgarh ❤😂🎉
@harharmahadev7358,3:58 ❤ 😂
@Neeraj_surya_diwakar,😂😂😂
@SonuSingh-l9w4r,🌚💀🌚💀🌚💀🌚💀🌚💀🌚💀🌚💀🌚💀🌚💀🌚💀🌚💀🌚💀🌚💀🌚💀🌚💀🌚💀🌚💀🌚💀🌚💀🌚💀🌚💀🌚💀🌚💀🌚💀🌚💀🌚💀🌚💀🌚💀🌚💀🌚💀🌚💀🌚💀🌚💀🌚💀🌚💀🌚💀🌚💀🌚💀🌚💀🌚💀🌚💀🌚💀🌚💀🌚💀🌚💀🌚💀🌚💀🌚💀🌚💀🌚💀🌚💀🌚💀🌚💀🌚💀🌚💀🌚💀🌚💀🌚💀🌚💀🌚💀🌚💀🌚💀🌚💀🌚💀🌚💀🌚💀🌚💀🌚💀🌚💀🌚💀🌚💀🌚💀🌚💀🌚💀🌚💀🌚💀🌚💀🌚💀🌚💀🌚💀🌚💀🌚💀🌚💀🌚💀🌚💀🌚💀🌚💀🌚💀🌚💀🌚💀🌚💀🌚💀🌚💀🌚💀🌚💀🌚💀🌚💀🌚💀🌚💀🌚💀🌚💀🌚💀🌚💀🌚💀🌚💀🌚💀🌚💀🌚💀🌚💀🌚💀🌚💀🌚💀🌚💀🌚💀🌚💀🌚💀🌚💀🌚💀🌚💀🌚💀🌚💀🌚💀🌚💀🌚💀🌚💀🌚💀🌚💀🌚💀🌚💀🌚💀🌚💀🌚💀🌚💀🌚💀🌚💀🌚💀🌚💀🌚💀🌚💀🌚💀🌚💀🌚💀🌚💀🌚💀🌚💀🌚💀🌚💀🌚💀🌚💀🌚💀🌚💀🌚💀🌚💀🌚💀🌚💀🌚💀🌚💀🌚💀🌚💀🌚💀🌚💀🌚💀🌚💀🌚💀🌚💀🌚💀🌚💀🌚💀🌚💀🌚💀🌚💀🌚💀🌚💀🌚💀🌚💀🌚💀🌚💀🌚💀🌚💀🌚💀🌚💀🌚💀🌚💀🌚💀🌚💀🌚💀🌚💀🌚💀🌚💀🌚💀🌚💀🌚💀🌚💀🌚💀🌚💀🌚💀🌚💀🌚💀🌚💀🌚💀🌚💀🌚💀🌚💀🌚💀🌚💀🌚💀🌚💀🌚💀🌚💀🌚💀🌚💀🌚💀🌚💀🌚💀🌚💀🌚💀🌚💀🌚💀🌚💀🌚💀🌚💀🌚💀🌚💀🌚💀🌚💀🌚💀🌚💀🌚💀🌚💀🌚💀🌚💀🌚💀🌚💀🌚💀🌚💀🌚💀🌚💀🌚💀🌚💀🌚💀🌚💀🌚💀🌚💀🌚💀🌚💀🌚💀🌚💀🌚💀🌚💀🌚💀🌚💀🌚💀🌚💀🌚💀🌚💀🌚💀🌚💀🌚💀🌚💀🌚💀🌚💀🌚💀🌚💀🌚💀🌚💀🌚💀🌚💀🌚💀🌚💀🌚💀🌚💀🌚💀🌚💀🌚💀🌚💀🌚💀🌚💀🌚💀🌚💀🌚💀🌚💀🌚💀🌚💀🌚💀🌚💀🌚💀🌚💀🌚💀🌚💀🌚💀🌚💀🌚💀🌚💀🌚💀🌚💀🌚💀🌚💀🌚💀🌚💀🌚💀🌚💀🌚💀🌚💀🌚💀🌚💀🌚💀🌚💀🌚💀🌚💀🌚💀🌚💀🌚💀🌚💀🌚💀🌚💀🌚💀🌚💀🌚💀🌚💀🌚💀🌚💀🌚💀🌚💀🌚💀🌚💀🌚💀🌚💀🌚💀🌚💀🌚💀🌚💀🌚💀🌚💀🌚💀🌚💀🌚💀🌚💀🌚💀🌚💀🌚💀🌚💀🌚💀🌚💀🌚💀🌚💀🌚💀🌚💀🌚💀🌚💀🌚💀🌚💀🌚💀🌚💀🌚💀🌚💀🌚💀🌚💀🌚💀🌚💀🌚💀🌚💀🌚💀🌚💀🌚💀🌚💀🌚💀🌚💀🌚💀🌚💀🌚💀🌚💀🌚💀🌚💀🌚💀🌚💀🌚💀🌚💀🌚💀🌚💀🌚💀🌚💀🌚💀🌚💀🌚💀🌚💀🌚💀🌚💀🌚💀🌚💀🌚💀🌚💀🌚💀🌚💀🌚💀🌚💀🌚💀🌚💀🌚💀🌚💀🌚💀🌚💀🌚💀🌚💀🌚💀🌚💀🌚💀🌚💀🌚💀🌚💀🌚💀🌚💀🌚💀🌚💀🌚💀🌚💀🌚💀🌚💀🌚💀🌚💀🌚💀🌚💀🌚💀🌚💀🌚💀🌚💀🌚💀🌚💀🌚💀🌚💀🌚💀🌚💀🌚💀🌚💀🌚💀🌚💀🌚💀🌚💀🌚💀🌚💀🌚💀🌚💀🌚💀🌚💀🌚💀🌚💀🌚💀🌚💀🌚💀🌚💀🌚💀🌚💀🌚💀🌚💀🌚💀🌚💀🌚💀🌚💀🌚💀🌚💀🌚💀🌚💀🌚💀🌚💀🌚💀🌚💀🌚💀🌚💀🌚💀🌚💀🌚💀🌚💀🌚💀🌚💀🌚💀🌚💀🌚💀🌚💀🌚💀🌚💀🌚💀🌚💀🌚💀🌚💀🌚💀🌚💀🌚💀🌚💀🌚💀🌚💀🌚💀🌚💀🌚💀🌚💀🌚💀🌚💀🌚💀🌚💀🌚💀🌚💀🌚💀🌚💀🌚💀🌚💀🌚💀🌚💀🌚💀🌚💀🌚💀🌚💀🌚💀🌚💀🌚💀🌚💀🌚💀🌚💀🌚💀🌚💀🌚💀🌚💀🌚💀🌚💀🌚💀🌚💀🌚💀🌚💀🌚💀🌚💀🌚💀🌚💀🌚💀🌚💀🌚💀🌚💀🌚💀🌚💀🌚💀🌚💀🌚💀🌚💀🌚💀🌚💀🌚💀🌚💀🌚💀🌚💀🌚💀🌚💀🌚💀🌚💀🌚💀🌚💀🌚💀🌚💀🌚💀🌚💀🌚💀🌚💀🌚💀🌚💀🌚💀🌚💀🌚💀🌚💀🌚💀🌚💀🌚💀🌚💀🌚💀🌚💀🌚💀🌚💀🌚💀🌚💀🌚💀🌚💀🌚💀🌚💀🌚💀🌚💀🌚💀🌚💀🌚💀🌚💀🌚💀🌚💀🌚💀🌚💀🌚💀🌚💀🌚💀🌚💀🌚💀🌚💀🌚💀🌚💀🌚💀🌚💀🌚💀🌚💀🌚💀🌚💀🌚💀🌚💀🌚💀🌚💀🌚💀🌚💀🌚💀🌚💀🌚💀🌚💀🌚💀🌚💀🌚💀🌚💀🌚💀🌚💀🌚💀🌚💀🌚💀🌚💀🌚💀🌚💀🌚💀🌚💀🌚💀🌚💀🌚💀🌚💀🌚💀🌚💀🌚💀🌚💀🌚💀🌚💀🌚💀🌚💀🌚💀🌚💀🌚💀🌚💀🌚💀🌚💀🌚💀🌚💀🌚💀🌚💀🌚💀🌚💀🌚💀🌚💀🌚💀🌚💀🌚💀🌚💀🌚💀🌚💀🌚💀🌚💀🌚💀🌚💀🌚💀🌚💀🌚💀🌚💀🌚💀🌚💀🌚💀🌚💀🌚💀🌚💀🌚💀🌚💀🌚💀🌚💀🌚💀🌚💀🌚💀🌚💀🌚💀🌚💀🌚💀🌚💀🌚💀🌚💀🌚💀🌚💀🌚💀🌚💀🌚💀🌚💀🌚💀🌚💀🌚💀🌚💀🌚💀🌚💀🌚💀🌚💀🌚💀🌚💀🌚💀🌚💀🌚💀🌚💀🌚💀🌚💀🌚💀🌚💀🌚💀🌚💀🌚💀🌚💀🌚💀🌚💀🌚💀🌚💀🌚💀🌚💀🌚💀🌚💀🌚💀🌚💀🌚💀🌚💀🌚💀🌚💀🌚💀🌚💀🌚💀🌚💀🌚💀🌚💀🌚💀🌚💀🌚💀🌚💀🌚💀🌚💀🌚💀🌚💀🌚💀🌚💀🌚💀🌚💀🌚💀🌚💀🌚💀🌚💀🌚💀🌚💀🌚💀🌚💀🌚💀🌚💀🌚💀🌚💀🌚💀🌚💀🌚💀🌚💀🌚💀🌚💀🌚💀🌚💀🌚💀🌚💀🌚💀🌚💀🌚💀🌚💀🌚💀
@WORSTYOURBRO,2024
@prathzee69,"""Ruk na shemde"""
@rupasadhu-tb4es,Oo teri this is not the channel of not your type whattttt!!!!??!!
@hrmivictoryt5360,Bhople 😢
@AamirFLOVER,😆😆😆
@RanjitRajwar-ki5yu,4:48 😂😂😂
@asdfghjklchakma4547,Kon kon 2025 mai aya hai
@Ak_FF_Gaming180,"Zomato❌
Zotato✅"
@Ak_FF_Gaming180,Zotaato
@lolgamer7059,4:02 paswrd 101😂😂😂😂
@JogiHarryNath13,Usi ki jeeb se 20₹ 😂
@28-arjunkanodia22,what is the name of the show
@Stark77-l7w,Awesome script 😂😂
@Pratikkk-89,Kon kon 2025 mein dekh rhe ho attend please❤❤
@vijaysharma4493,Cying
@aprecords5521,"Zomato ❌
Zotato ✅

4:25"
@Parthdeogade,Annimaton so hard😢
@banna-n3p,Bople
@Filmygyan-m7l,🥱news
@1_nit,101😂
@PoojaOtwani,Yeh video mujhe bahut bahut pasand aai please aise hi video banaya Karo
@Playerofplayconsole,Me raipur chhattisgarh se hu 😅 chhattisgarh character ka name 👌👌
@AjayShahu-qg5pv,😂😂😂😂😂
@varshasharma7006,Kon kon 2025 me dekh raha
@Rxram.1ttitude,Not your type for a reason ❤❤❤❤❤❤❤❤❤❤❤❤❤❤❤❤❤❤❤❤❤❤❤❤❤❤❤❤❤❤❤❤❤❤❤❤❤❤❤❤❤❤❤❤❤❤❤❤❤❤❤❤❤❤❤❤❤❤❤❤❤❤❤❤❤❤❤❤❤❤❤❤❤❤❤❤❤❤❤❤❤❤❤❤❤❤❤❤❤❤❤❤❤❤❤❤❤❤❤❤❤❤❤❤❤❤❤❤❤❤❤❤❤❤❤❤❤❤❤ icic sha kam❤❤❤❤❤❤❤❤❤❤❤❤❤❤❤❤❤❤❤❤❤❤❤❤❤❤❤❤❤🎉❤❤❤❤❤❤🎉❤🎉❤🎉❤🎉❤🎉❤🎉❤🎉❤🎉❤❤🎉❤🎉❤🎉❤🎉❤🎉❤🎉❤🎉❤🎉❤🎉❤🎉❤🎉❤🎉❤🎉❤🎉❤🎉❤🎉❤🎉❤🎉❤🎉❤🎉❤🎉❤🎉❤🎉❤🎉❤🎉❤🎉❤❤❤❤❤🎉🎉❤🎉🎉🎉🎉🎉🎉🎉❤❤🎉❤❤❤❤❤❤❤❤❤❤❤❤❤❤❤❤❤❤
@youtubeviralvideos1,Content acha hai.... subscribe krdu kya ??
@littlefacttechz,Bhople was personal 😅
@vivekgamingyt1m,Veg video 😅
@GodLSanSkari03,Ek dam mast video 😅
@sharmarajat2256,"This is a number one video, I enjoyed watching it 😅😂😂😂"
@ARSHANSAIFI0,"Ra gubfgjug unfortunately ucchataay TB TK tiff ugg ghh
TT"
@DeveshChoudhary-th3fm,Some support for maker games ❤❤❤❤❤❤❤
@U_S_playz,Pankaj badal kyu gya bhai 😅😅 1:04
@JahanKashmiri-n2n,W AYU COLLAB
@JahanKashmiri-n2n,Kon Kon 2025 MA dekh rha ha like kro👍
@Vipbabu143,Chattisgarh ❤❤
@RangerLiveYT,Shonty bhaiya 🆚zotato boy hona chahiye race 😈
@VEGETA2234,Bhai mera naam bhi Pankaj hai
@DineshKumar-uw5kg,❤
@DineshKumar-uw5kg,"❤❤101
❤❤




❤
❤
❤
❤
❤"
@jhonwick939,0:49 akhir isne kiya kya hai 😂
@TasmiaRahman-x7o,SAVE GAZA
@Hero_is_back-87,"American Bank Heist: Everybody On The Floor Now!!!
Indian Bank Heist: Dhoom Machale Dhoom Machale!!!"
@himanshupatel4000,Starting🤡 Ending💀
@avikasto___mar4141,Bhopal bale 🔥🔥🔥
@RehaanWani-zo3su,Koun 2025 mai dekha raha hai😅😅
@pankaj-l1d1z,Mera nam bhi pankaj hai 😅😅
@light-gamer,Next collab with MJO ❤❤
@animation_creater6599,Tijori ambuja cement jo bani hai 😂😂 4:09
@animation_creater6599,Badi mast chalti hai hai 😂😂😂 2:30
@vishonalmeida1558,Keep it up Bhai you are fabulous keep it up just like this🎉🎉🎉🎉🎉
@j.o.k.e.r__99__,Keyword - go get 🫶🏻
@HyperVerse66,❤️‍🩹🗿😊
@NirajKumar-wx4uf,Jfkvnprnnd c😂😂😂🎉🎉
@7t7_gujjar,Ciao to Italian k language ma hota 6:18
@uzairyusuf-fe7qq,You make so amazing videos
@pankajkumarmarkam5695,I am pankaj 😂😂😂
@iam.ak.9x,Original Money heist Or A Rip- Off?!
@Mitu-o6,Yo
@trickandtrickgeming4086,Zotato
@kritigambhir1409,"Why do I feel bad for mumbai , chattisgarh and bhopal😂😂😂"
@krishankumarupvalebaba,Parwarish Seva Sanshthan Ram Pur kurmi
@PratapSingh-bs6yk,Nice 😊
@mantygaming2924,Nice
@PNSD2007,Badi mast chalti hai phat phat😂
@SANSKAR__7804,bhopal walee
@BurhanAamir-ro5oi,6:55
@RifatNL,Password 101 🤦‍♂️
@Gulshansays_,3:21😂😂😂😂😂😂😂
@Lucky_yt_189,Lekin vo sniper itni upper kya kar raha h 😂😂😂
@AnuragGupta8524,❤😂😂😂😂😂
@gunjanrao2182,❤😂
@Edit_z_369,Twist was amazing
@HarisHabib-p5z,3:41 😂😂😂
@Ved-k8b,3:58 god help them
@Ved-k8b,1:57 siuuuu
@TarundeepKahlon-g4p,😅
@GauravGoswami-y7h,Chhattisgarh wale like karo ❤❤❤
@assaultplayz,lekin usne kiya kya hai ?
@Sharvansahu-q4v,Love from Chattisgarh ❤❤
@DEMON_269.,0:49 was epic 😂
@coolinfia,I live in bhopal 😂
@ThinklikeEmirati,"best charcter of not your type all the time  is


THE PAPE"
@anjubisht829,1:00
@XorporClassicz,"How can this be a short 😮 ,,👁️👁️👁️👁️👁️👁️👁️👁️👁️👁️👁️👁️👁️👁️👁️😶‍🌫️😶‍🌫️😶‍🌫️😶‍🌫️😶‍🌫️😳😳😳😳😨😨😨😧😨😰😰😰😰"
@kaizen-lyrics-79,Why zomato haven't commenter yet @zomato
@Editbrother2457,Chhattisgarh @suraj_ss57
@satishsahu8209,Chhattisgarh ❤❤
@StarLord00007,😂😂😂😂😂
@sajidabegum1268,3:12 3:24 🤣🤣🤣🤣🤣🤣
@drjtherulemaker6593,Bhai love from chhattisgardh ❤❤❤❤❤❤❤❤❤❤❤❤❤❤❤❤❤❤ ❤❤❤❤❤❤❤❤❤❤❤❤❤❤❤❤❤❤ ❤❤❤❤❤❤❤❤❤❤❤❤❤❤❤❤❤❤ ❤❤❤❤❤❤❤❤❤❤❤❤❤❤❤❤❤❤
@avhragamerzofficial,3:19 😂😂 3:21 😂😂😂😂ya mast tha😂😂😂
@GuriSidhu-bm7jg,0:58 pankaj bums
@ffmoktar9920,😂😂
@mr.sachinpatni4922,Dhoom machale Dhoom machale 😂😂😂
@BhabhorPinal-i8x,Nice❤
@kanchanchakresh9204,My name is also Pankaj😂😂😂
@DheerajSharma-kn9un,Jharkhand ko jhant koi janta h
@ZestyFFXX,6:23😮😮
@No_option_max,"So funny thing is there pass 101
But no one type😅😅😅"
@allroundvlogger6549,😂
@AAKASH_BHaaI,Chattisgarh soon ke Maja aa gya 😅 1:57
@Ayush25_0,Finally someone used Chhattisgarh in their video 😭
@Hancker...,Bhai mujhe ye YCYC bank main account open karna hai koiye address de do
@ShivamMallick-m7c,Bro has best plot then money heist ❤
@Subodipsingh,😂
@TM__Store,We went more this trip video 😂😂😂😂😂
@ashfaqTechexperimentsB9F05,NOT you type ❤fans
@muhzz.m_gaming,Oiieee bank ka password pichaa he hain 101😂
@KalpanaK-nl3xi,• Faraaz | Official Trai...
@short-127,Gorilla gang😂😂
@rishikesh3671,❤Chhattisgarh
@its_Munya,hello nob
@izu1263,why himachal ?
@harshmaske5238,I loved pankaj the rat❤️❤️❤️😂😂😂😂
@blunt_008,Great job😅
@SumitMishra-cb3zm,4:07 is time per password ki plate green or password yellow me likha hai or arrow orange hai but in 2 nd scene 5:03 per plate ka colour change hai password bhi alag colour se likha hai aur arrow red colour ke hai
@SanjeetaKumari396,Chhattisgarh ❤ jai johar 🙏
@D...S..D08,🎱
@Akhilesh...928,corruption
@shivangivishwakarma1253,Mast hai ye eske shabhi episode mujhe dekhna hai
@Kptaan_Live,02:22 the dialogue 😅❤
@PapaiMahato-n2b,😂😂
@GHOST-BBq,el narcos de el pacho de el escobaro
@sunita-bo5zg,0:21 😂😂😂
@viniart6668,no
@todaystechgadgets9206,minecraft tnt why???????
@todaystechgadgets9206,not your type man
@k_nehha,Bhai yr mera kl  hi breakup hua h bhut mst tha vdo mood acha kr dia ❤❤
@darkfridaygaming8402,ABE OII PANKAJ MARA RELATIVE KA NAM HAY KUTTAY
@chiranjithembram3294,Tarun hu re😂
@papiyaacharya9188,3:48 3:48 😂😂😂😂
@happygaming6506,3:34😂
@anshmaan007,Ycyc icic
@Aghoragamer,Password 101
@fitglamuniverse,wo sab toh thik hai but ye batao Eurasian Brahman 🕉 Rishiyon ne Shiv ka ling 🍌 kyu kaat ✂ diya tha 😂❓
@nameshsahu784,Mumbe chhattisgarh himachal last bhopale😂
@4xsurajff,Cg se ho kya 😅
@ib9293,kanpatti pe santi 😂
@anicon4981,Processor
@BrookeAlice-l2l,Lynch Road
@RonaldThompson-k1w,Mann River
@upendrakumar01,Password 101😂😂😂
@ZainUrfahad,Hum or banaye
@ZainUrfahad,Sir 2part bhi banai
@ViralmovieShorts1,Itni upar kyu hai 😅😅 bank ek manjil ka hai 🤣
@GOONER_BOY67,1:18 HAHHAAHAAHAAHAHAHAAHAHHAHAHAAHAHAHAHAAHAHHHAA
@princeganger6754,Bhople 😂😂😂
@mml8813,ending is similar to an ajith kumar movie directed by venkat prabu
@RishavGajmer,op bahi 11:26 PM
@RahulMurmu-k3e,Money highest milti julti 😅
@delusionalguy133,Minecraft tnt sound 😭
@PankajBaishnab-rd4iy,Abey yaar pankaj toh mai hu par mai jeb katra toh nhi hu 🤣🤣🤣
@ArYAN__007_,1:58 Himachal ❤
@RajMani-d7m,Ab may bhi chalta hu school by
@neerajlodhi9561,ye bhopal kaha se aa gya mera shahar😂
@babagang-he9pu,Follow Karo Bhai yo
@Saturnyadav-b7v,Dhoom 3 😂😂😂
@yashpro911,Bhai ape ape
@SawanAwase-s3r,Password 101😂
@Qfx47,Bhai bahubali ka karuna bhai
@animeverse_shorts2,Chhattisgarh ❤❤❤❤
@mr.chirag8062,Best part 1:16
@Sasori-kj2tk,Jebkattra 😂😂😂
@itsKishore_G,Himachal 😂❤
@Farhan_x_edit,2:36 😅😅😅😅😅
@Folktales-Studio,RIP OFF
@thefoxgaming226,Any one from 2024 🌚🌚👍🏻👍🏻
@akashoffice1997,Processor 😂
@Tarun-wn3lh,4:36 me hi hu vo dilivery boy.😂
@cani-d6h,Hahah
@SantoshiSaudagar,1:57 I am live in Chhattisgarh❤❤❤❤
@chitrarawat9727,Password side me hi likha he😂😂
@subashkuwar9552,Passwordlol
@kenwaykenway3437,Meanwhile SBI bank 😒lunch k baad aana chori krne
@RawEsports-u3i,Bhai netflix dilado
@HollybollyTalkOfficial,Chhattisgarh walo
@shazzyworldwide,3:19 baapre😂
@PankajBoss-c2m,Vaise mera naam bhi pankaj hi hai par mai jebkatra nhi hu😅😂😅
@kabirkhan9023,Password.. 101 😂😂😂😂😂
@Yori_r4,0:40..!! ☠️
@anushacreation6262,Not ur type 💓💓💓💓💓💓🫂🫂🫂🫂🫂
@Rvyadav25,Chhattisgarh be like 🙉😂
@AdityaHial-y5o,Not your type Target 🎯
@kajitgamer941,"Who can notice , PASSWORD 101,  ZOTATO,"
@sucess_hubb,Nice video 😂😂😂😂
@Rs-ee5fg,Professor ❌ prosessor ✅
@masterbroyt777,5:19 favourite one year video bahut veg hai😂😂😂
@herobrine9754,Money hiest is best game 😂🎉
@Naxxffindia,0:56 😂
@gamerz5473,Bank mai  password  tha 101 😂😂
@ruchiasthana7557,vava vava
@RinkukumariYadav-fs4ul,Kitna Achcha video hai
@ganeshmalo2004,Not your type team forever
@ganeshmalo2004,Baju mein aur password likha hai
@Youredtiz,Chhatisgarh❤
@shekharji1837,Bhopal aur chhattisgarh 😅😅😅😅
@lyricalbhakti-DM7YT,G means **********************************😂😂😂😂😂😂😂
@ujjwal_keshri,4:57 😂😂😂😂
@sameditz7089,2:09 love from chhattisgarh 😃
@rus-u7u,Password 101 😂😂😂
@supergamer995-l7h,LOL
@supergamer995-l7h,Hahahaha funny video bhai❤❤
@jdhcudjjdickekd,Bhai Tum popular hone vale ho likh lo😂
@AvnoorKaur-tc6tj,4:11 🤣🤣🤣🤣101
@sufyaan000,"Icici❎️
Ycyc✅️"
@dream914sl,0:15 was the best
@animeshhalder503,"Bhai ""not your type"" netflix me search karnepe ni a raha. Search tag kya hoga?"
@rameshsuthar_9,3:58
@AshokkumarThakor-i9x,Pankaj Mera iPhone churalegaya😂
@r.screation351,Tq for Chhattisgarh state name add Karne ke liye ❤
@NabiRham,70 logo ne mil ke mara tha kone me aur awaj bhi nahi ane diya tha 😅😅😅😅
@vishnuuniversal123,0:20 0:20 0:21 0:21 0:22 0:22 0:22 0:22 0:23 0:23 0:23 0:23 0:24 0:24 0:24 0:24 0:25 0:25 0:25 0:25 0:25 0:26 0:26 0:26 0:26 0:27 0:27 0:27 0:27 0:27 0:28 0:28 0:28 0:28 0:29 0:29 0:29 0:29 0:29 0:30 0:30 0:30 0:30 0:31 0:31 0:31 0:31 0:31 0:32 0:33 0:33 0:33 0:33 0:34 0:34 0:34 0:34 0:35 0:35 0:35 0:35 0:36 0:36 0:36 0:36 0:36 0:37 0:37 0:37 0:37 0:38 0:38 0:38 0:38 0:39 0:39 0:39 0:39 0:39 0:40 0:40 0:40 0:40 0:41 0:41 0:41 0:41 0:41 0:42 0:42 0:42 0:42 0:43 0:43 0:44 0:44 0:44 0:44 0:45 0:45 0:45 0:46 0:46 0:46 0:47 0:47 0:47 0:47 0:48 0:48 0:48 0:48 0:49 0:49 0:49 0:49 0:49 0:50 0:50 0:50 0:50 0:51 0:51 0:51 0:51 0:51 0:52 0:52 0:52 0:52 0:53 0:53 0:53 0:53 0:54 0:54 0:54 0:54 0:54 0:55 0:55 0:55 0:55 0:55 0:56 0:56 0:56 0:56 0:57 0:57 0:57 0:58 0:58 0:58 0:58 0:59 0:59 0:59 0:59 1:00 1:00 1:00 1:00 1:00 1:01 1:01 1:02 1:02 1:02 1:02 1:03 1:03 1:03 1:03 1:04 1:04 1:04 1:04 1:04 1:05 1:05 1:06 1:06 1:06 1:06 1:07 😅😅
@Scroll-With-Sujeet,Pankaj be like -Abe sale me tune mar diya
@pankajkumarbehera5257,Kya bro
@S_villain_9799,1:58 Mumbai chattisgarh Himachal and bhopal 😅
@Akatsuki_yt_manoj,Not your type fans❤❤❤
@TheBoysTm-c2y,Ghadseet ke mara 😂😂😂 0:46
@ArtiMishra-px8vr,Wow 😊😊😊😊😊😊😊
@vampire7720,😂 funny
@ajaybhilala955,Bhopal wale
@ScaryHackerYT001,I am pankaj 😅😅
@bhagwandongare5025,Please make a video on peaky bilinders
@bikashmukhi-b6e,dhoom machale dailog best tha ❤
@rajabhishek2625,Bhai  story pai ek movie ban jayi ki or hit ho Jaya ki
@SadikKhan-u4i,😂😂😂😂😂😂😂😂😂😂😂😂😂
@thesinger7824,Do you notice pakaj changed at. 1:00
@_Aesthetic._.Angel_07,make video bts
@Aayan_Xd69,"""kaise tute gi?Bedrock ki jo bani hui hai"""
@CompoundClasses275,Heeee ha baas Wale bank. Mai ja rahe hai app bole toh aapke pichwade mai dal deta hu fatfat😂😂😂😂😂
@RomanReigns0390,😂😂😂
@amogh-r5r,already money dake cuka ta par ya dake ka ke sab bual gaya ake arur bar dakana ja raha hu
@ushashakya9427,I suggest to you control ke upar ek video ban sakti hai kya ration wala control
@jyotishmansarma5886,Zotato🤣🤣
@thefaraaz,Very funny maja aa gayaa
@ronjitsheel4272,"(\_/)
(• 
• )
/=❤"
@EchoKenshieditz,abhe mai hu pankaj
@YtTasu_Arts,Yes
@masoomlucky8691,Any jebkatra here ?
@OmkarBaghel-pi9kx,3:47 😂😂 pasward 😅😅
@Alex_Reed1,Zomato ❌Zotato 4:17
@TahirAnsaree,🤣🤣🤣🤣🤣🤣🤣😂😂😂😂🤣😅😆😁😄
@BeasttBoyDeep,Tokyo = Zomato
@monireol,😂
@MohdSahil-j9g,Happy ending 🎉
@RihanPatelz,Wru 🎉🎉
@buzzhub09,"Dhruv Rathee 👍
Elvis Yadav ❌
O countries Netflix 👍
Indian Netflix ❌"
@luv.18,Love from Madhya Pradesh.
@RajaDubey100,Any Mohit here❤
@BaishaliDhar-nq1gf,👊
@armanhossain5335,Professor x Processor
@Pankajgamer159,Aabe bhai me (pankaj) to famous ho gaya
@SushilYadavtu,Password Bagal mein likha hai log dekh nahin sakte kya😂
@eshika-gaming-2,Chattisgarh
@atifbutt09,Love NYT
@HarikeshKushwaha-qk5uc,😅😅
@RanveerThakur648,Who else is from Himachal Pradesh
@BayerischerKriegsherr,gun sounds from gta san andreas
@Lords10000,Snapdragon 625
@itachii.ae1,NYT X Netflix ❤
@rosentjakee6151,Begining toh dhoom 3 se milta julta hai😂
@SurajGupta-xi7vx,1:57😂😂
@tannudongarwar,Main Tarun hu delivery boy😅😅😅😅😅
@Zz_live132,ZOMATO❌ ZOTATO✅
@YogendeChaudhari,LoDn
@Bixby_Spider,Not your type + Netflix = total tabahi content ❤
@KaifShaikh1224,😂😂😂😂😂😂😂
@tusalbasforangatbasfor3877,Zomato ❌zotato✅🤣
@deepadevi1926,Himachal 😂
@Purple_Aura-i,Amazing video 😂😂😂😂
@Its_shubham-08,Chhattisgarh op
@Iqbal_Sahil,I discovered NYT from here ❤
@pc7246,Bhoplee😂
@vinayakdubey8372,Bhopaleee was personal
@rdjaditya9599,Chattisgarh wale like karo
@MradulGMR_3,"Bhopal wale like karo
 👇"
@GhostGamerisking,Cloud with a chance
@bipinnarayan6806,Mera bhi indor
@katalsurveer,😂👍👍👍👍
@finelac1371,Apna vala kidhar he....lag hi Raha he.....!    100%true lines
@adiii.fit.0,Bhopal 😂
@apx4544,3:21😂😂
@niksmusic2537,1:46 mujhe to kabutar ki chhi chhi lag rahi he 😂
@ManoharSingh-vq9le,Wow🎉
@LahoMenjo,Vote for Himachal 😂😂
@gaurav9469,If Money Heist was south indian movie :
@ishvarmhasake7784,Password 101😂
@Spexneditx,Professor ❌ processor ✅
@DheerajKumar-jt2rh,"Wow, what a twist😂"
@shahadathussain014,5:30
@LalatenduRout-u7v,That is very very hilarious
@GhøstHøúse2708,Netflix ka    Koi sa bhi talent nhi ha
@GhøstHøúse2708,Abe ma pankaj nhi hu
@GhøstHøúse2708,Abe hat pagel
@GhøstHøúse2708,ShjdidjxjskdncmzxhnNxnzj₹&.&.&.₹.&.!.!..₹.&:&:’skjandmXbkskdidlsps333
@GhøstHøúse2708,Hat netfliks
@GhøstHøúse2708,Heishxhhzx😅😅😅😂😅😮😮😢😁🤬🤬🤬🤬🤬🤬🤬😡😡😡😡😡
@poketube1M,Voice change ke like kon sa app use kerte ho
@GirieReaction,Aap kahe to piche se daal de 😅😂😂
@mrmore446,Are ruk na Shemde 😂😂😂
@chikutiwari6638,Mai bhi apne bacche ka naam processor rakhuga😂
@sonudethe-od3ts,Ycyc Bank 😂💯👍🏻
@iftykm6888,Let's see How many people watching from Bangladesh 🇧🇩🇧🇩🇧🇩
@rohan-031,😂😂😂😂😂😂
@n.kvines7855,I am from chhattisgarh bro 😀😀😀
@afsana_473,😂😂😂😂😂
@rameshwarmarkam5298,😂😂😂😂😂😂😂😂😂
@shatrughanPrasad-pt9wk,Those who don't know meaning of money heist 😅😅😅
@pankajthakur144,Bosdike apne naam pe bna na 🥺🥺
@santosh7786,3:46 password 101 😂😂😂
@sudipabhattacharjee3085,• •
@TaranNisad,Chhattisgarh wale ❤
@parmarpankaj9417,Mera name hi mila tha kya pankaj😪🤣
@Poke-b4j,😅😅 1:44
@casgaming1675,3:06 was unexpected and amazing
@AsmTARUN,❤😂 1:59
@Rawbee,daami
@motivationshayribysachin,Chhattisgarh ❤
@BASIRFF99,Op
@mymoviehubb,zomato boy 😂😂😂
@ALIISLIVEEE,6:13 best
@SULEMANBAKSHI-i7i,❤
@Urbanmonkey-ow1ee,Chhattisgarh
@mananket2811,101
@Sakshiiik6f8r,Great  hai not your type
@LackyBegum-qc1xg,101
@Farhan_x_edit,😢😮
@Farhan_x_edit,5:42😅😅😅😅😅
@HappyIndora-nf3ny,😂😂😂😂😂😂😂😂
@PrateekBhatt-k8q,1:49 😂
@technoarmy7273,6:42
@snehaparamanick99,"Здравейте, не пишете"
@sandeshffx_1m,1:42
@HarshValvi-pn3mw,Mumbai Wale like Karo
@Mythic_memes-mp5xr,Netflix got goated!!!!
@SKSanjaygaming,Sukriya bhai छत्तीसगढ़ ka naam lene ke liye may vahi se hu
@lakhnkhan8591,😅😂😂😂😂🎉
@pragyamishra505,101
@ambanakoli,Peppa pig popup prepare prepare papad papad papad papad papad
@humetohapnoneluta4413,Yaar  isse repeat par dekh kar bhi Aisa lagta hai 1st time dekh raha hu❤
@PankajSingh-wb7lg,Are Bhai tere Bhai ka naam pankaj hai yrr
@HumerahAnsari,Aisi Hansi ki video banakar subscriber Ho jaenge 1 million😊
@ramrajsingh571,Murgi ka heart attack
@legendyt4075,Always with you not your type
@SimaranjitKaur-c3c,Good night 😴 kyuki je video mai raat ko dhek rahi thi
@vipsahibgamer1429,Vip
@dbangsidar5177,Password baju me hi tha
@RahulGun-u7l,इस वीडो को खा रहा हु। 😁
@manishjangde9294,Chhattisgarh 😂😂😂😂😂❤❤❤❤❤ I am from 😂❤❤❤❤
@raushanraj3216,😂😂😂😂
@Gappibhi,"Not your type team like karna 
👇👇"
@havnishthakur8480,I'm from Himachal
@xtremeindian2010,Chhattisgarh wale like karo
@HarishSonwani-uk6lr,Bhai koi singer ki kahani pe bano na. Pleas
@clip_media,All time same funny watch'
@haaaales,Yar password 101 ha😅
@MINKY3103,Can u pls make 30 min short flim pls pls iam ur big fan
@ramdasnetam6700,Nai chhattisgarh se hu
@Atharvab1612,0:29 Kone me ghasit ke chappalo se mara😂😂😂😂
@rohansalve7771,2:30 nice scene
@rohansalve7771,1:42 G Mane Parle
@shubhamdingra2449,Bhai bina sarr per ka acha humour bhagwan kssm mere liyey hi yh channel bana hai
@SatyaranjanSarkar-z1s,😅😅😅😅😅😅😅
@sanchitasingh8737,Not your type
@harshitashree649,Bhai main Chhattisgarh mein rahti hun
@ChannelSk-q4u,B😂😂😂👍👍
@ChhotelalVerma-u9p,Bhai ke pankaj ki bejti kardi🥲
@asimdogar9011,Dasa teno professor. Na owe ka
@ManishDewangan-pv4fw,101😂😂
@Vivek420-q7g,Us for 4 other's😂
@Therealgamer1m999,Mera name tarun hai
@rj23shekhawati9,Bhai Pankaj is my best friend's name😂😂
@aryan7361,1:13😂
@MR.JASMEET-b4k,Nice ❤😂
@SonuBagri-ug1ny,😂😂
@techdfire2358,Bhopal aur Chhattisgarh!.. tum Jake tizori todo 😂😂😂
@pankajsharma6961,I'm pankaj 😅😅😅
@sid_diogen,Not your type should have its own animation netflix series
@prahladyadav8916,Password 101
@Itzcrazyofficial16,"Bhai waise mera nam himachal hai 
Me to kabhi ni gya chori karne 😂😅🫣"
@Aditya_yashasvi,1:21 🌚
@AayanQuraishi-zm9mg,Is😂namaste namaste 😅😅😅😂
@Shivu-l4d,What a twist
@umar16134,4:05 chuuuuuuuuu😅😅😅
@assingh7259,😅😅😅😅
@Drk194.,Pin pls
@Cricket_editz0003,Not your type fans attendance 📔❤
@lekhrajthakur1963,Himachal 😅😅
@DeepakSingh-rt4pj,Bhopal❌Bhople✅
@kailashbasumatary9676,😢😢😂😂😂😂😂😂😂😂😂
@ROYALINSANE11,Can someone teach me how to post a funny comment
@Fear_Azrael141,Professor ❌ processor ✅
@RehanHawaldar-k3n,Please part 2❤❤❤❤❤❤😊😊
@clutcher_x5089,Aree madar......
@Birlin_,What  a stupid video with stupid script and stupid animation... Even a 9 years old child painting is better then it
@__sk__pro_gaming,Aapane hamara Chhattisgarh ka Naam Liya bahut achcha lag raha hai❤❤
@TKRCreations70,Password 101
@mr_sam2.1,1 no
@suryasahoo705,Professor ❎ processor ✅
@messi_gamer4523,😂😂
@Letmecook-21-f,ICICI Bank ❌ YCYC Bank ✅🤣🤣 Love you bro
@bhupendrasinha3335,I'm from chhatisgarh ❤️❤️
@NehaGupta-nc2ru,Any one 2024
@PANKAJ1037-f1w,❤❤❤❤❤❤
@SK-rp4rg,😂😂
@PankajMishra-p4g,Bro my name is pankaj 😎
@ifyouknowz,That one person name Bhople😂😂😂😂
@Krushnahake4343,4:06  password tha na 😂😂😂
@navyasharma766,"Password
101🤣🤣🤣🤣🤣"
@WarBotClips,멋지다 😋
@rakeshbaskaran4757,😂😂😂😂
@divyajalokhande4226,good😄😄😄
@onlyonmatka1608,chhattishgarh 😂😂😂👍 name de diya 😂
@Tanish_playz22,lindi hai tooooooooo
@mani35555,Who is fan of not ur type ❤
@Pankaj__Dhayal,Are ye to m hu 😂
@notifyshorts,2:51 dialogue 😂
@notifyshorts,2:56 dialogue ❤❤
@TaniaProdha-rz6kp,101❤❤❤❤❤❤
@DIPADON1528,Best comment
@KunilpT,Password lol hai😂
@NayanNarware,Ripop
@Sahil_hu_0000,Chhattisgarh was unexpected 🤣🤣
@ArchanaRam-j2c,101
@1stjuly2005,3:17😂
@babitarodrigues4919,Password is 101
@SonaKunar-d1g,Bhai kya mast video thi
@rohitarya4113,wow.. ab bss aisa video mat dalna
@CY_Pankaj,i am that pankaj😅
@loveIshq42,Instagram se dekh kr kon kon ayaa hai 😂😂
@AsadKhan-gp9sk,0:38 its a JOJO reference
@mickeyTiJoRa,Oooo hohhohhho maja agaya bhai😂❤
@Ashwingamer-t1y,🎉┗⁠(⁠•⁠ˇ⁠_⁠ˇ⁠•⁠)⁠―⁠→V⁠●⁠ᴥ⁠●⁠V
@tanishbhati8982,Paisa paisa
@sahidmidday1752,Op mein kabhi soch bhi nahin Sakta tha😊😊😊 good job bro
@ng_empire_09,Criminal name Chattisghare hare😌😌😪
@ng_empire_09,Criminal name Chattisghare hare😌😌😪
@ng_empire_09,Chattisghare hare😌😌😪
@Craftwithnabiya-h2x,Rip off 😅😅
@Farhan_Anjum,damn 🤣
@roshanpansuriya,5:18 😂😂😂😂
@sidharthnayak53,Puja wala mast tha 😂😂😂
@fun_creatine,Start was lovely just lovely
@Suku_editz_007,1:52 Love from chattishgarh ❤
@pankajkumarpalei1866,bahi eia mari bat to nahi kar rahahe
@dheerjain7575,Bhai free fire ke liye bhi one video❤❤❤❤🎉🎉
@dyroyalmaratha3802,😂😂😂😂😝😝
@AbdullahOmar-dp4tu,101🤣🤣
@kamaljandu9460,Ek din mera comment bhi viral hoga 🥺❤️
@hollywoodtadka069,password 101 😂😂😂
@BalramYadav-hi5wd,Nyt 4ever
@nikkupradhan9727,Chhatisgarh 😅😅😅😅😅😅
@Shahg.aseel768,".
































.

























.









....."
@KrishnaKharkwal,Next Stranger things
@Blackrock_5,Car name
@shivanshkumar370,4:49
@truebanda543,0:00 Hey welcome to timestamp
@proneelmandal9710,3:20 😂😂😂
@ismailmaxismailmax2095,Processor 😂
@pahadigamer2376,bhai mera paper ha but your video is too 😂😂😂
@himachalgamerop8070,I am from Himachal 😂😂😂
@marveloustarun,"Atlast finally....thank u for mentioning tArun bro.🫡
I am sick of the guys adding extra tHarun for my name unnecessarily 😢"
@lucifert-us4hf,I love how @NOTYOURTYPE is collabing with small yt channels
@FIRE_SHADOW8,3:17 Kya baat hai bhai OP 😂
@FIRE_SHADOW8,3:42 😂 op
@neelam_nandan,Alex Pina sadme mai hai😂
@juniorchamp3621,this story is very similar to THUNIVU
@RajaBelo-ex3po,Planning 😂
@aradhyakumari9244,Nyt
@gumgeete5944,NYT rulez
@ayush-b8h9q,"Money heist in 144p😂😂
But video 1no. Thi😂😂"
@invitationbanquethall3004,Everyone everyone take the NETFFLIK
@paraghule9096,Bhopley😂😂😂😂
@heistsinger8509,Who notice the password 101😅
@Pankaj10012,My name is Pankaj 😂😂
@zuzuuuu-bj2,Bhopal Aur Chhattisgarh 😂😂😂😂😂
@RED_OFFICIAL_007,😅😅
@pankajshivankar1454,Abbe sale 😢😢😢
@hereits_aman,😂👏
@kunalgurav7731,1:59 Bhople😂😂
@Ruhaanjoshiepicboy,😂😂😂😂😂😂😂
@KsToshi108,Yc yc bank
@veerpalkaur9871,"Bhai dragon ball super ki video  
Pls"
@Pankaj_Creations166,I'm also Pankaj 😢
@Kalpanagames,😅😊😊😊
@kiranthevar904,3:24 Abe ye konsa tareeka Hain be darenka 🤣🤣
@pradipkumarroy8058,😊❤😂
@sushantakarmakar1762,3:44 aree kuk na shemre was funny 😂
@M.Plofiplalist-fb4um,Always best animation not your type 😅
@NOOB__YADAV__07,Musha jab kttra bana diya 😢😢 😂😂😂😅😂😅😅😂
@YukiThenkai-yt3zd,Little more improvement needed 🙂 But its good.
@YukiThenkai-yt3zd,Little more improvement needed 🙂 But its good.
@YukiThenkai-yt3zd,😔
@Darshan_Singh403,❤😂😂😂😂😂
@ghostMirza-fb3fv,i think @notyourtype will become more often streamed than netflix..
@PremSun-uf2lk,But but dhanyavad BHA great jankari ❤🙏
@Dimetrogaming,bhai tu kitna backchod he yaar😂😂
@momimstudying,"3:20 plzz
4:47 😂 dark"
@gamorpd,Chhattisgarh 😂😂❤
@sanakhan6493,Im wacthing in bhopal oh sorry bople
@moderncomputers2427,ololololololololololololololololololo;ololololololoolololoooooooooooooooollllllllllllllllllllloooooo
@gtrmcs,100 times better then money heist 😂😂😂
@rgewrgergafgf-lx4he,Great video we want more videos like this @Netfliz
@shanvisingh17,I am from bhopal
@sevenfantasy66,Password lol
@prakashfromtusma9790,I am from chattisgarh 😂
@jaygupta.2o591,Chattisgarh ❤
@hulkgabbar6041,Chhattisgarh wale like kare ❤❤❤❤❤
@rajkashyap9544,"Waaha Bhai , Processor 😅 ko kia dikhaya hai"
@adisplay3860,03:19 really laughing for hours
@PreethamSharma-nx2zt,Fkjiis7jsustrhdsjogshojguoudgkbfojf
@JayDadhich897,"Zotato , yc yc bank , processor , Sniper 😂"
@JayDadhich897,Mast h 😂
@drjtherulemaker6593,Apun chhattisgardh
@ThePramodK007,Processor 😂
@Nishatjerin.dewdrops,Procesor😂😂😂😂😂
@GuessitsAniketttt,😂😂
@RITESHSHORTS501,😂😂😂😂😂😂
@somitariq4209,Not your type in Netflix 😮😮❤❤ 👍👏
@IsratKhan-u3v,Fabulous 🎉
@vedanttomar2511,3:16 pagle manager 😂
@Vasudev.Sharma369,1:17
@Vihaan-z4u,Netflix op❤❤❤
@robertdowry1273,Not your type you are legend😊
@itssimran4948,Rip off.  😂😂😂
@beauty_girl2865,Always supports not your type ❤️
@sagarverma6952,😂😂😂
@user-vm8qy6dm5p,TT_TT
@apba2240,Proccesor>>>>> professor 😂
@STFU141,Kya ye spoil ho gyi???
@JustAFriend555,Not your type us the best animator.
@Skbwhw3,😂😂😂😂😂😂
@ITZ-792,😂😂😂😂😂😂 best voice artists
@NewyGamy,@netflixindia if you like this comment it means you are gonna make another collab with not your type
@nooooiiiccceee_dumb,Loved it ❤
@viksoni1985,"भारत का सबसे भड़वा OTT है नेटफ्लिक्स इंडिया। अपनी एनीमेशन में 10 सेकेंड का तुमने यज्ञ हवन का मजाक बनाया, मैने तुम्हे भड़वा कहा, हिसाब बराबर।"
@NavedShah-bb8rk,❤
@NavedShah-bb8rk,Not your type your video is very good is very laughing video
@NavedShah-bb8rk,Ssss
@Motivational62677,Chhattisgarh
@marketingmsa1378,Processor
@daddu.bhaina,chattisgarh Wale like kro 😂😅
@rinaYadav-c8c,Bro mera naam pankaj hai
@shovatalukder2968,Not your type copy
@ngnobitaff8331,Processor 😂😂😂
@AdityaGoswami-w8w,Netflix's ka subscription tera bap dega
@subratamandal8646,5:33
@subratamandal8646,5:331
@udayabhandari7265,Not your type  forever
@vatsalchoukhani5590,😂😂
@AapBatao-pi5ob,Bank looks like gta vice city
@JatinSingh-wl8ex,Too good
@Shiva_xd-u1k,Win ayu ♥️♥️
@Madhavi-l2q,YCYC BANK 😂🙂
@Sunny................,Professor ❌ processor  ✔️
@asad786yt3,3:16  best funny part 😂😂😂
@cartoonvids,Ek jeb katra hamesh jeb katra hi rhe ga 😅
@seikhr.k.835,Best collaboration 🎉i loved it
@dhruvsrivastava3222,Awesome!!
@daddu.bhaina,chhattisgarh Wale like kro ❤😅
@ritikmedaofficial_,Not your type ❤️
@RajeshRaghuvanshi-ws6qh,Panda gang op😈😈💯
@sunitadevisunita,La casa de papel
@mr.creater578,Aap kahea toh aap ke bhi peche se ye bundok dal dete hai maja aayega pat pat. 😂😂😂
@ya-jiv_creations,"Vai ish video ki concept same to same nepali movie LOOT jaisa hey.
What a coincidence"
@MugiwaraSpidey,"Ripoff as always ,expected from indians"
@kalyugkamanav5000,0:43 maro maro .... Lekin usne Kiya kya hai ...maro maro 😂
@MUI_Editor,Ayu win
@mohitchaudhary9707,Don't let them know your next move 😂
@garou_o_o,6 months ago 💀💀💀💀💀
@yt_ayushplays6373,2:44 “me guard hu re uska YC YC ka” 🤣🤣
@SA-gf3th,AYU IS GREAT
@Satoru_7032,"Not type  team like
👇"
@HitanshJariwala-l8m,rip off
@AryanShekh-n7l,Next Part 2
@JakirKhan-ci2dq,Rif of
@RostingWithArya,Bhople 😂😂😂
@ahsangillani5214,Not you type desided to trash her tellent for netflex butt😂😂😂
@Multiple_gaming2,अरे हमको चोर बना दिया 😂😂
@beatgaram,Papa g muje pani piladijiye
@arjunsarkar98,Not your type is best ❤❤❤
@dollphin2086,Why name pankaj
@vipindwivedi,Love from Chhattisgarh ❤
@suryavaish,bkl woke netflix ne kuch toh accha kaam kia
@sushantjaidhar347,Not your type my favourite and I like this red hair 😻🚩💪
@ShakilAhmed-er1vj,That's nice
@josan09,😂😂😂
@binasingha4785,Wyaha pe 3 bar pasword likha hai 101 phir bhi bo bakra lakta hai ki mai bhagwan ban raha hu 😂
@mannansayyed3618,Processor nahi bhai professor 😂😁
@Ramandeep-gb8yg,ਕੱਛਪ ਕੁਲਜੀਤ
@AB_gaming-z4c,OH my duck
@Ganguly.Yadav_4039,3:20 i can't stop my laugh
@Silenceshorts795,😂😂
@mohdzafar7246,You are not not your type pagle
@kunaledits6330,1:57 epic 😂😂
@ManasParikh-jj5si,The twist though 😂😂
@Manpreettkaurs,Niceee❤😂
@maseeraqureshi7081,"Me yt par trailer dekhne aayi thi ,  isne to puri series hi dika di 🫠"
@sagarkhare5835,Tu bhi bhid me maar raha tha 😆😆😆😆😆😆
@abhisheksharma6748,Zomato Vala OP Scene
@Sandeep8Maurya,😮😮😮.     By😮 uuuuuf. J😮  d. K kx. Ik. Kf j ks.  Or. R
@giri6744,Dimag kharab
@MdShamsuddinY,😂😂😂😂😂
@Ayush_-wq7kq,Bahot badhiya bhai
@OPking6995op,3:42 best funniest clip !🤣😂🤣
@bhaveshnaykabhaveshnayka9143,Password is 101😅
@luffy_x_gamer,Nyt  team ❤❤❤  forever. Netflix ❤❤❤❤ both are my favourite youtube channel 😊😊😊😊 he can change my mode thanks u for making me laugh
@Ganganagar,😁😁
@ahmadbilalgill,"😂😂😂😂😂😂😂😂
😂😂😂😂😂😂😂😂
😂😂😂😂😂😂😂😂"
@JerryToon-qo2od,Chhatisgarh 😂😂
@jdoeiwnwpiw,Mene kya Kiya h Bhai 😅😢😢😢
@roopaklakhera8815,2:00 their names😂
@mtlover7287,Are ruk na shemre😅
@mtlover7287,Mumbai chattisgarh himachal bhopal😂😂😂😂😂😂😂
@chaogaming4686,"😂
😂😂😂😂😂😂😂"
@bongorlabongochachacha475,Processor😂😂
@bongorlabongochachacha475,Bhople😂😂😂
@Rugan132,Zotato is op😂😂😂
@Irritated_vashu213,3:18 funniest part 😂😂
@easypaisaemail,2:21  😂😂
@roypeter4742,You are best cartoon comedy maker bro superb superb 😂❤❤❤❤❤❤❤❤😅
@roypeter4742,❤❤❤❤😂😅
@Aashaymandloi-hs4xg8uc8w,3:18 best funny part
@BeastAal_Gaming,😂
@revajagat1537,Iam from chhattisgarh
@ChandanKumar-yt1vw,😂😮😢😅AnikeT...Raj🎉
@pankaj_solanki9105,My name is pankaj 🤣🤣🤣🤣
@SNK20,Love from Chhattisgarh ❤ kisi youtuber ne phle bar nam Kia 😍
@FOGGAMINGOFFICIAL,Password lol was epic
@Bl_vlogerrr,Bhai itna hasi lag raha hai 😂
@AshokKumar-iw1vr,😡🤬🖕👨‍❤️‍💋‍👨🐖
@meg33333,Zomato and other companies services far better than ambulance and police. 😂😂😂
@lyricslife8,भोपले 😂😂😂
@whccvcfgdsrcr2,tu bhi mujhe bhid me maar rhha tha😂
@ratri-f6v,"hai eshbar hamare prarthana sune aur tijori khol dey..,omg best"
@ratri-f6v,proccessor...the line was epic omg..hahahahah🤣🤣🤣🤣🤣🤣🤣🤣
@_KNWRJI__624,I m from chattisgarh  ❤️
@zgn__pain2908,This guy is lit🔥🔥🔥🔥
@ani_mon,Watching only Bcoz of NOT YOUR TYPE😂❤️
@ShamimAhmad-o3v,Next video mein dialogues aur dalna please❤
@pratyush329,Proud to hear chattisgarh state from you bro 👍❣️❣️❣️
@mr_Nayak_ji_333,Thunivu
@mdayan9591,😂😂😂😂
@Andycarracer,😂😂😂😂😂❤❤❤❤❤ nice
@sajidhusenn,3:46 Best scene 🤣😂😅
@AsifShaikh-mz5gt,So funny ar 🤣🤣
@Haider-i7j7,Password 101😂😂😂😂
@looser100,Acha hua is video se phle money heast dekh li thi
@looser100,Asa bura bataya money heist ko ab koun dekhega 😂😂😂
@FREEGAMERZ123,My name is tarun 😅😅😅
@bhawnasingh4933,i loved this video. it was very funny
@STRIKING_NINJA_FF,Best ❤❤
@mssgaming701,4:26 zotato 😂😂
@AkashChauhan-c1y,Chhatisgarh
@bhurasakya1803,Padosi pe video bnaooo
@bhurasakya1803,Padosi pe video bnaooo🙏🏼🙏🏼🙏🏼🙏🏼🙏🏼🙏🏼🙏🏼🙏🏼
@bhurasakya1803,Padosi pe video bnaooo🙏🏼🙏🏼🙏🏼🙏🏼🙏🏼🙏🏼🙏🏼🙏🏼
@nishantkarki2840,I'm leaving this comment here so after a month or a year when someone likes it. I get reminded of this masterpiece 🥰
@jaisurya6044,Bhople😂😂😂
@Aditya__Thakare,𝚢𝚌𝚢𝚌  𝚋𝚊𝚗𝚔  😂😅😅
@rpranjanff,Zomato
@rpranjanff,Pass 101
@AljismagarMulac,3:20 scene was funny😅😂😂😂
@PappuRahulG,Love from BHOPAL ❤❤❤
@NewWorldOrganisationYT,Amazing
@akhileshshuklaUp72,Yc Yc nahi icici ho ta haii bhai gagab 😅
@Esport-t5m,Disclamier No harm ICICI Bank🤣🤣🤣
@nanditaroy1347,Yahhhhh not your type in netflix series hahah
@mahakalbaba1436,Bhai 😂me Bhopal se hu
@balvantchauhan7848,Password likha to Hain 😂😂😂
@junarinya-pk9nr,Best one❤😂😂😂😂
@dipaliamrutkar7532,Bhople😂😂😂😂😂
@niladritheboss,@not your type..🎉
@arpanaminj10,Jeb Katra 😂 processor
@Fashionable_246,Not your type
@Wealthweather,Not your type ❤❤😂😂😂
@AbhijithAS-q9r,Processor 😂😂
@Yourtypecg,Dhoom machale Dhoom machale that line ohho ohoo😂😂😂
@Mr_BeardsomeRoy,His contact izz better than your favourite chanchali and carry....
@hksingh00,op in the chat guees
@kvMotoVlog92,❤
@munnabhaiyhsp,😂😂😂😂😂😂😂😅😅😅
@surajkhupse72,Bhaiya please script meri likh le😂😂
@SURAJKUMAR-fb7jw,0:43 lekin usne kiya kya h?😂😂
@RamKumar-gs1bg,Ha Ha Ha  very Funny
@MujahidurRashid,Processor😅😂😂😂
@maheshbasumatary3704,Never Bored 😌
@Itoo-sii,Payday 2 on a budget
@Arts.of.DA.O.D-go9kk,Hame tijori ka password nahi pata hai 🤣🤣🤣🤣🤣🤣
@forestartsandmore..,Wo🎉
@as_pi_ra_nt,Ycyc bank😆😆
@chandankumar-zx3jh,Game of thrones ka hindi version own karo
@PEROX935,Thacnk you bro apna ya video banai😢😢😢😢😢
@KartickBiswas-l9r,Oopp😂😂😂❤❤❤
@ART-420,5
@Nobita-p9r,Ek video free fire pe banao
@rakhabulhasankhan,😂op
@krrishrao8175,Love form chhatisgarh 💕💕
@VORCIOUSCUP420,❤❤❤❤❤❤❤❤❤❤❤
@VinitPratab-ru5th,Epic🤣🤣🤣🤣
@Vanshvlogs-k8n,This is real not your type
@mandalorian1992,Not your type guys are amazing! Super funny and creative. Keep up the great work guys!
@miraclewithanbhav4572,Thanks for the name Chattisgarh
@pankaj_gammer_9916,Ohh bhai ye name kyu meain pankaj hu or esaa kuch nhi ha 😂😂😂😂😂😂😂😂
@ZentapZ,Bro why do you copied not your type video
@FFGYANESH,Thanks i am from 36garh😂😂
@vishalbhojwani387,C. G ❤
@GUNPARKOP,3:18 time is op 😂😂
@SumitKumar-p5b1m,😂😂😂😂😂😂😂
@jaitaivloger4,Next level 😂
@davendrachauhan3750,I'm from chandigarh bhai😂😂😂😂
@VijayKumar-xj7xm,not your type forever rocks
@pankajbari9578,The gun shot was minimuletia
@ur_sujeet115,Bhopal aur chhattisgarh tala todo ❣️😅😅😅😅😅
@zrtogamer7931,Do not use  chhattisgarh name again 😡😡😡😡
@Statushub44,Password 101
@TRETAYUG_ONLY_HINDU,Bhai password side me likha 😅😂
@ashishgurjar4777,👌
@PankajSharma-ej3yo,🤣🤣🤣
@InfinxSmart-y9u,😊😂
@SunitaDevi98675,Big fan of not your type 😊
@Vampire.Nights,"Not Your Type Always Favorite 😂😂

2nd Cmnt after 4 months 😂"
@usman7shorts,it's like don movie😂
@mdfaiz1573,Yc yc 😅
@RohitKumar-i9r1k,😅😅😅
@bcm15mdarifarshlan71,Muh dard ho gya has has k🥲
@deepakraghav3785,Password 101
@techno691,WE LOVE OUR CONTENTS SO MUCH
@cars_hub961,Bank chor
@rigalgaming930,Love you bhai chhatisgarh ka naam lene ke liye
@ManahilTahir-zx3gh,"""""Sharim ki Sketch book"""" is better than you Chapri creator"
@SPYDIGAMER,Not your type jinda baad ❤️
@SonaRaj-j8x,Yc
@revaplayz,Minecraft TNT sound when Bomb blasted in bank
@TarunKumar-b8w7t,Bhai tu cg hai na jhud mt bolo na
@freaksoul1358,Love form Himachal (NYT) 🥰op bhai
@wonderchannel-zb2tj,❤
@BestGamerShort,🤣🤣😂
@triloknathravi1808,Not😂😂😂😂😂😂😂😂😂😂😂😂😂😂😂😂😂😂
@sahil3207,Pankaj sir
@merepapaj,Mera naam hi q re 😅😅
@Annie_grande,Password 😭101 har jagah likha he Bhai kinne tejaswi log he
@musifever9818,Password is 101😂😂😂
@madmachine7028,Bhople 🤣🤣🤣🤣
@rssong9933,😂😂😂
@itzdevil6528,Bro dialogues change lag rhi ha
@eagledashgamer4493,Lekin isne Kiya kya hai 😂
@BULLET_BHI,1:18 processor 😂
@NeymiThaJr,hahaha 😂😂
@peeyush25077,Not your type favourite❤
@saadawishafi3026,😂😂😂😂
@sumitingle9931,101
@sopnadas678,😂😂😂
@ARyan.00-r4l,mujhe to kabutar ki chi chi lag rhi hai 🤣🤣🤣
@jairay7291,Best version of money heist I have never seen and the indian sniper 😂😂😂😂
@sahilshukla8127,I think it was kullu from Bhopal 😆
@annuxd01,1:59 love from bhopal ❤
@sumersingpawar7535,Nyt sir face revel kro😊
@pankajtiwari433,Me kab se money heist me chala gya 😅
@Ultramaxmems,proceesor❤
@tricksindianstars9193,Osam video
@anupraj1914,Password likhaaa haii
@arhaanmirza7894,Hamer
@sigmamalej,This is best
@Shayribyman,End is amazing 😂😂😂
@prashant.6135,Bichare 4 bakro ko kuch nahi mila 😂😂😂
@prashant.6135,Nice Collaboration with not your type 😂😂❤❤❤
@arjunkhandagale8618,Not your type
@mainumahanta2285,Bro always make joking😂😂❤
@roshanmankar9750,😂😂
@FardeenKhan-is6zk,Not your type 😄😎
@dandroid2208,Jeb katra😂
@Imrankhan-su9sr,Ladke kar kam ban geya...😮😮
@Happiness22-o4o,Nice😂😂😂
@whoisishu,BHAHAHAHAHA this video is so funny loved it
@PGPrat-873,🗿🗿🗿🗿🗿🗿🗿🗿🗿🗿🗿🗿
@gautamandani547,"Netflix r3ally did that wwooo, 
He's a good artist deserved it"
@ishamanikpuri9245,Aap ke video or aap ki voice Bohot achi hai and it's funny also 👍🏼👍🏼👍🏼👍🏼😚☺☺☺☺🤩🤩🤩❤
@alif013-q2f,ツ❶ᴹRメ『ＡＬＩＦ』☯
@DKSahasi,Epic
@Foodexploree,Not your type 😮😂❤ keep it up
@Afnanworld29,3:44 😂😂
@vaibhavigohel1340,Not you type copy good wow Netflix
@tea-rex226,The way he executed every expression in his animation brooo soo talented
@shivanikhatri1674,Parle G maana genius
@Hero_is_back-87,Win Ayu
@restinpeace6969,@notyourtype congratulations bhai 🥳🥳🥳
@JAISHREERAM-i5j2l,Batter than money highst
@JACK-wg2vc,Bhai but pankaj hie kyuu 😂🥲🥲🥲
@Arshad4567,😂
@viralhubshorts01,Chhattisgarh sunke achha lga 😂
@farhankhanmahin9318,Part 2 pls
@Sam_26_90,"Now this is called "" Real Money Heist "" 😂😂❤"
@kamalgoswami4077,Rip off
@pankajbenwal,Abe saalon😂
@sagarthakur6884,I'm from chhattisgarh
@AS-Fusion-Music,Bhai lot pot ke hasraha hu main🤣🤣🤣🤣🤣🤣🤣🤣🤣🤣
@s.sgaming3080,What is your name😊
@late_night_loops,Ur voice 🔥😂😂
@Sigma_skeleton_03,I love you not your type
@Mech_Tanjirou,Bhai Netflix Walon ne not your type ki story ko repost Kar diya ab to bhai not your type famous
@ffshortgv6540,Op❤❤
@amitxlifts97,"mumbai, chhattisgarh, himachal or bhople 🤣🤣🤣🤣🤣"
@MuhammadAli-cy5us,Very nice Netflix video
@shaikh_shah512,Watching during zoom class😂
@sonugope5252,Pankaj left the chat
@sunil296withU,Ye Netflix me 😮😮😮😮
@Himanshusingh0246,Zomato ka New name zotato 😂😂
@RehanAhm,3:19 😂😂
@tamim0770,❤❤❤❤❤
@pankajbhosle5119,Pankaj 🤣
@Ajaynirmalkar-i7e,Chhattisgarh se jo jo hai like karo
@Ajaynirmalkar-i7e,Chhattisgarh
@amdoon2626,This is a funny masterpiece😂❤
@kahaniyokegucche,I really enjoy NYT videos ❤❤❤❤😂😂 kya script hai😂😂
@AyshaKhan-cp8uh,😂
@nullgodgamer4126,Netflix notyourtype haso kr ro. Jo bhi ak karo video par
@Kanishk-yh3fb,Reality me ye Money hiest + thunivu se bnaya hua h
@dexonZon,😂😂😂😂😂
@amitbilaspurwala,Gajab bhaiya ji
@ismatara4963,Not your type please birthday spacial video please
@Nob737,Password 101 is OP😂😂😂😂😂😂😂😂😂
@Asadkhan12193,Yar pahli bar dekha lekin 😂😂😂😂 Love From 🇵🇰
@ixperttube7014,Nyt is best 😂
@merakibislam6373,😂ok
@tatiyabichhoo1897,That password on wallet 😂😂😂
@PZrot,Bhopal aur Chhattisgarh 😂😂
@Conk-bepis,Chapri Netflix
@thakorkishan1912,🤬🤬🤬🤬🤬🤬🤬
@thakorkishan1912,Mera naam Pankaj
@themysteryboy2472,I am Pankaj 😂
@anmoljindal324,Mujhe pata hi nahi tha tumhara Netflix par video hai
@manashjyti2460,NYT ❤
@Mrboldrustic,Are 😁😁😁😁
@mayanksingh587,RG should also be recognized ~ Netflix
@Wasimakram7861,Yes sir
@BEASTINME-j1d,Not your type love 😍  >
@apexshadowgamer,At 3:36 snipers 😂😂😂
@Kratagy_0,bhai bhot HaHa 😂😂🤣video
@divyanshrangary1134,"Finally, Chattisgarh getting some recognition!"
@sourav-ix5oc,Not Your Type❤️❤️❤️
@ashishchalchalanifanpage0942,Chhattisgarh is love 💕
@Tanjiro.kamado825,Ya iam from chhattisgarh😅😅😅😂😂😂😂
@prime.Aditya-hq7de,Soo much love for your all videos
@tharabhaijoginder6902,3:19 best scenes 😂
@khatam_mp__rider_16,❤Bhai mera naam bhi Pankaj hai aur main Bhopal se hun😂😂 video 😂op
@LaxmiKisan-kk3xe,y are you doing not your type but I like Not your type
@Sakshi3631-S,The twist at the end was like Special 26. Great video. Really loved it
@urdaddy192,3:45
@mubeenashaik4103,Kyaa baat he bhai
@jassbhathal982,😂😂😂😂😂
@pralay_pratihar,0:38  line was amazing 😅
@madhavrajput6365,Your not your type
@bhaikachannel4969,Bhopal aur chattisgarh😂
@hetkhakhkhar8850,r.i.p off
@nirubist2082,Bro🎉🎉🎉❤❤ money heist money heist
@lutuali2453,Password bagal main  hi tha 😂🤣
@FX_2OP,Love from Chandigarh 😂❤
@jyotiwadhawan1865,My papa name is pankaj
@Survival_riders,Jai shree Ram
@bashadecoration1427,It's good and real animation
@bashadecoration1427,I from not your type subscriber
@vickey2398,Yeah🔥
@lazynickofficial,I watched 5 times😂😂
@promotoshsaha4168,Ferar din raiganj a morning a berole update dio meet korbo ❤
@TerBottom,Nice video not your type 😂😂😂😂😂
@adakhan346,Kha bhi sakte h
@Iamsorry8gt,😉😉😉😙😙😐🤑😊🥺😊🙃🥵😉🙃😝😊🤣😁😝🤪😊🥺🥵🤪😉🤣😉🙃😍😉😉🙃🥵😉🤨😚😐🤩🥰😋😚😇🥰🤨😚🤨😆😍😉😘😆😍😉😘🙃😄😜😜😉🤣🙃🙂😑🙂🤩🥺😄🤪☺🤥😍😆😇😚😚🤣🤥😇🤑🤢😍🥲🤑🤢😋🤮🤗😛😋🤔🤗😐🤨😚🥰🥵😚🤨😂🙃🤩😊😛😊😗🤩😬☺😅😑🤐🥺☺😑😜🥵😉🙃😉😜🙃🥵🤑🤥🥲😋🥰🤑😋🥰😙😐🤩🤩🥰😚🤨😜😚🥰😊😜😂😐😚😝😬😊🥲🥰😝😊😍🤐😉🙃😉🥰🤐🤣🤨🙃😉😁🥰😬☺😊😍🤪🥺😊😗🥲😍😜😉🙃😗😂😇😉😋😜🤩😊😗🥺😆😍🙃🥲🤔😚😜😚🤪🤩🥺🥰🤑🤩🤨😚😍🤨😊😝😋😬😚🥲🙄🤫😙🤑🤐☺🤐😝🤐🤨😚😚🥰🤨😛😊😗😍🥺😉🙃☺🙃🤑😑🙃😑🤑😗😑🤑😘🥺😋😑😊😘😋🥺😘😋🥺😚🤪😋🥺😚🤪😛🥺🤗😐🥲🤔😑😛🤑🥲🤫🥲🤑😋🤨🤑🤨😋🥲😚😋😜🥲🤑🤨😋🥲🤑😍🤪
@Iamsorry8gt,🙂
@Mayank12397,2222
@SybvhvgmNcf,If this comment get a heart by Netflix I will buy Netflix subscription😂😂
@Lamineyamal19_bs,Thanks bhai chhattisgarh ko add karne ke liye
@0ggbotyt411,Ture fan of not your type x Netflix are lots of fun forever 🤣💫💫💕💕
@godgullamsk123news,Your real pic
@tarunrawat3317,Mujhe nhi pta tha ki mera bhi naam h script mein ❤️ 😂
@jhssvvskifc87,Me 36garh se hu
@blizzzzzzard,3:17 Best 🤣
@nemendrathakur9437,Masterpiece
@shadowisonline4277,Not your type Netflix 😂
@jayant628,All time favourite rip off
@specblast,Yup
@bindudevi8605,😂😂😂😂😂😂😂😂
@petrovaspy,I'm so surprised and happy for @notyourtype 😭❤️
@BishnuAura,Not your type jindabad
@VIVEK-s7l1j,I live in chattisgarh
@aforairplane,"माँ बाप खुश रहते है तो सारा घर खुश रहता है 
  😊❤❤❤❤❤❤❤"
@beginners3352,Awesome❤
@ganeshkandelkar6555,Wow
@a.s.gaming53,I watching this for 3rd time 😂😂😂
@itz_vidhayak11,Password to mereko bhi ni dikh rha kissi ko dikh rha hai kya? 🙃
@bloodybastard66,Viewers of heist will increase now🔥
@ekanshgupta6002,"Rg= good animation(after 1 year)
Kirti= little good animation
But Nyt= good animation+funny animation+Netflix india"
@ravikumar-fw9ql,Password 101 hai😂
@neetusingh3536,W nyt moment
@neetusingh3536,W nyt moment
@Omega555-j5m,Tijori Ambuja cement se bni hai 🤣
@uweshkhan909,Unbelievable 😂
@GrannyTime,thank you for idea
@chandraarya2268,Not your lover❤️
@legendsaysai,How do you do these animations??
@skylarknao,3:43 🤣🤣🤣 the sniper
@skylarknao,1:18 Processor 😆
@Fuzail_johar_011,Not your type  army 💜
@VGSHORTS10,Hum ko tohhh sabb pasanth hai rg ho ya hardy ho ya notty bhai 😂
@keepsilent5568,Pankaj 😂😂
@EXO_HASH,Prosessor 🤣🤣🤣🤣😭🤣🤣
@jaisrikrishna563,🤣🤣🤣
@trpharikesh7814,❤❤
@trpharikesh7814,Jai shree Ram ji ❤
@trpharikesh7814,Ram Ram ❤
@legitsvideohouse8520,Very relatable
@lopsy3294,@not your type ur growth mannnnnnnnn love you damnnnnn u r an inspiration
@realromanalam,Can't stop laughing 😂😂😂😂🤣🤣
@GY_vlogs,Not your type
@sahilkhunte9314,Bro i am from chhattisgarh
@devchoudhary777,I love Netflix Soooooooooooooooo Much ❤❤❤❤
@brendan2185,Not your type rocks
@Motivational62677,Chhattisgarh ❤❤❤
@SharanShettigarIR,Badi Mast chalti hai Phat Phat😹🔥
@yogendramahilang2835,I am from chhattisgarh
@aloksuryavanshi7960,Love from chhattisgarh ❤
@HarwinderSingh17_,Great❤😅 👍
@mattdamon2084,We are waiting 😂
@ravindrakamble7502,Bhai mast banaya hai yaa video😂😂😂😂😂
@prashantbhardwaj1689,I am from chhattishgarh🥰😍
@ravirajak6290,"Aree ye tijori tut ti kyu nai hai 
Tutegi kaise amuja cement se bni hai sasta nai sabse accha 😂"
@deltramorningstar,Mera naam pankaj hai mujhe or mere papa kon kyu todaaa 💀
@MrSindhiHacker09,Watching 50th time😂
@jiteshh4229,That bullet's sound 😂😂😂😂😂
@jiteshh4229,Awesome ❤🔥🔥🔥🔥
@Tabgameryt,Tarun rocks😂😂😂
@Blackboygamer8514,NTY 😂😂  so funny
@star7echo,It's not a rip off😂😂
@RajeshKumar-cs4mr,Love from Chhattisgarh ❤❤
@Imjustgurl123,"""Maro Maro Lekin isne Kiya kya hai ""😂😂"
@fitergaming3334,😂😂😂❤❤❤😊
@artisticaurax03,Iam from Himachal Pradesh
@HASSAN-oz8kb,Amazing 😂😂😂😂❤
@Paavan2010,W AYU COLLAB
@swapnilpeedekar,Money heist 🔥🔥🔥
@sanjaykumar-uh8mv,Rip of
@Praroopgirigoswami,CHATTISGARH 🤣🤣🤣🤣
@soniplayz206,Part 2 banao bhaiii please 😂😂😂❤
@satyamyadav6563,Zotato wala banda awesome
@FactShotHindi-1v1,3:31  😂😂😂
@uniquetime,aree yrr mera naam pankaj h 😒😒
@obitooooo-h9y,Real net flix
@wasifhabibbangladesh1482,give him oscar
@bittuchauhan7998,"e,e,e,e,e kyabe e,e,e,e,e, ye konsa tarika hai ne darne ka my tummy ooooooooooooooaaaaaaaaaaaaeeeeeeeeee"
@goriparmar5590,Use per code Dala
@star_gaming_7.009,5:45 😂😂😂
@shekhar2531,Thanks bro chhattisgarh ka naam kahi to aya😅
@AnkitaTekale-r3k,Yyidrd
@abhinavgaming2110,bagal mein password 101 likha hai lekin ye toh andhe hai in ko toh dikh hi nahi raha hai
@TheGJ05ROCKET,YC YC BANK 😂 literally fully 😅
@parkkuku8395,Love you forever❤ not your type
@patal_nagri,101
@Kanupriya00o4,To much funny not your type😂
@a.tiwari3420,Bhopali very funny 🤣🤣🤣
@roshansonawane4744,PART 2
@rasidulali-kg5sp,😘😘😘😘😘😘😘😘😘😘😘😘😘😘😘😘😘😘😘😘😘😘😘😘😘😘😘😘😘😘😘😘😘😘😘😘😘😘😘😘😘🥰🥰🥰🥰🥰🥰🥰😍😍😍😇😇😇🥳🥳🥳🥳😇😇😇🥳
@kalyugboy3072,Hahaha
@kalyugboy3072,Maja nahi Aya
@ferothehero7940,Cool 😂
@Yokai_Miyu,Very very good and funny videos love you not you type❤❤❤❤❤❤😊❤
@roshansonawane4744,Part 2
@KaranLokhande-o8e,2 nd time watch 🤣🤣
@tarungoyal8205,4:36 mai bhi tarun hu 🫡
@itachiouchia106,Rajat ko rahul panicker sa karvao pta chala jayaga bas pora din comment ma rajat tara papa karta rahoga vo tumara bapp ha kya 😡😡
@NetJamesxTaeKook,g mama go
@पवित्रsapiens,🤣🤣🤣
@ravidutt6363,goooooooooooooooooooooooooooooooooooooooooooooooooddddddddddddddddddddddddddddddddd
@DebrajlSaha,W ayu Collab
@subhakantaparida8312,Kya video hai...😂😂😂😂
@aperturediaries,😂😂😂😂😊
@antaryamigaming3001,😂😂
@Krishna-np9ms,🎉🎉🎉🎉🎉
@niharikarana6480,Nyt
@rajneshrana6754,Ap aysi 2d video kyse banate ho
@jhanvii__1205,4:50 💀
@Frosty_Fusion9,I forgot that he a jebkatar
@mukeshmanikpuri7834,bhai tumne video me chhattishgarh ka name liya 
@ck00007,❤😂
@chetaknews,Rip off 🤣🤣
@durgesh18,Unex Ending 😂
@ReasearcherSourabh,The real money heist
@simransahu1478,I am from chhattisgarh 😂😂
@mandygamingyt790,Just completed money heist just to watch your video
@meenaxid,Not your type
@deaddemon345,It is very nice video
@parimalsolanki7072,😂😂
@maxwellgirase,❤
@Sunitabatham-m9l,I am from Bhopal 😊
@AFITH-WORLD,4:32😂😂😂😂😂
@chaturmurga_official,Love From Chhattisgarh ❤❤
@animehenshu1987,🤣Bhai @notyourtype teri videos to or bhi funny hoti jari 💯❤love your content bro
@eternal_flames_04,Vote for Not Your Type ❤❤❤
@khanwamik8341,This is very very very very funny
@toxicboy560,Not your type 😂
@viishnurajjadhav670,Bhaii zotato ka laash bahaar nahii Aaya @netflix
@pcplayersgaming8215,Money heist is an emotion
@dattebayo3127,"Har bar Pankaj nam hi ku....🙂
Asal me mera bhi Pankaj ha😓"
@literature09,5:50
@Vritika-xd,Mai chattisgarh se hu😅
@ERROR_SERIOUS,Want part 2
@StudyWithGiri,"Wow, What amazing Graphics............."
@VicePresidentDRAKEN,Felt Good after seeing ... Chhattisgarh
@dscrazytwins6566,Bhai ayu bache dekhte hein teri video😅
@Yellomellowil,Netflix next RG bucket list okay.
@freefireshortyt5903,Love from chhattisgarh ❤
@Berserkerdetainer,03:53
@Berserkerdetainer,🌈🌹💐👍👌☀️❣️👍💥🔥👍💐🌞💥🌸🎂💐🏵️🎊🏵️🏵️🏵️pls make part 2!!!!😮😮😮😮😮😮😮😮😮😮😮😮😮😮😮😮😮😮😮😮😦😦😦😦😦😦😦😩😩😩😩😩
@hrsplw,Is cartoon ko dekh kar dimag ka bosra ho jata h
@LiuizAMV,I Am From Chattisgarh 🤣 @NOTYOURTYPE
@pawandeepbrar7764,Bro please reveal your face
@frozenisland4654,"Hello sir, please tell me how to download money heist all seasons episode.  Also tell me some safe and secure  websites to download any Hollywood movies in Hindi .

Please reply sir because whenever I visit any website,there are many ads and we have to do many clicks which I think is not secure .
I had requested from many youtubers but they don't reply."
@ArijitBhowmik239,Pahle comment kar leta hu likes milenge😂😂😂😂😂
@DJ_ALOK_MANPUR.78,छत्तीसगढ़िया सब ले बढ़िया
@average.engineering.student.,3:50 😮
@sunnysharma9605,छत्तीसगढ़ 😂🙌❤️
@mafiyaarmy3270,Chhattisgarh to like ❤❤
@trsoni1727,I am frome chhattes garh
@4kpro677,Bhai main Chhattisgarh se hu❤
@Jai_Shree_Ramji00001,My name is Pankaj 🤣🤣😂😂😂
@ShivamIT101,Passward 101😅😅😅😂😂😂
@sujanbiswas32,probably the best vdeo ever in netflix by another youyuber
@sheelakhushi7564,Not your type is the best ❤❤❤😊😊😊
@mr.Sniperrr,😂😂
@harshextreme,yarr maza nahi aya teri original channel ki zysa mazadar hai
@Golu531,Me...😂 Raigarh Chhattisgarh 😂😂😂😂
@Itssheikh50,Bhople 😂😂😂😂
@sandeepanand-wi3ky,dragon ball please
@saood_4Xfreefire,bhopal& bhople
@dhirajmanvar4325,🤣🤣🤣🤣
@crzyftbl__editz,"NETFLIX FANS LIKE HERE 👇


LET'S SEE WHO WILL LIKE?
👇"
@akkukingchannel5118,Not your type you are very very............................................. best
@RohanKumar-ol2nh,What a twist 😂 well-done bro
@JayShree_hari_har,Ye ashli se achi thi😢😂😂😂😂😂
@sachin.all.Rounder,Not your type my favourite ❤️
@AZ-ed1xx,Can I call it better than the original Money Heist.  . Yes I can ... The dialogues are damn 🔥
@xen-ortega,0:46 😂😂
@Suman_Das394,It is the best video of Netflix ❤️
@Grace-vf4bh,Name of pankaj was crazy. 😂😂
@sannimallick8876,Password is 101 this part 😅😂
@Eram-shamma,Netflix india is a very nice youtuber
@Anujit_Maity,best
@kamnathmeena2914,Processor
@hitendrasingh3692,😅😅😅😅🎉😂🎉😢
@dipayadu3952,Chhattigarh vale like Karo 😅
@Ty_son,Moral of the video - once a Jeb Katra always a Jeb Katra 🤣
@Rajat_Sharma_77,Himachal😂❤
@Vishalsingh-kg5ms,🤣🤣😂😂😂😂best video
@uttam......8159,😬🤣🥺😲🤯🤫🤨👁️👄👁️
@uttam......8159,😂😂😅
@crazymater,Bro vedio 10 sey 15 mint key kro
@eclipsynx,3:16 Epic part 😂😂
@pankajvanra,"thank merri story k liye
😝😝"
@pankajvanra,mera baap chor nhi hai bhaii🥲🥲
@phikuromi7461,W nyt
@Mehtabislam31,Password 101😂🤣
@nikitanand4785,I am from chhattisgarh I love to watch your videos 😘☺️
@manjulatasundhi,Mera naam hi mila kya
@FeelwithDanish,Rupya Heist 🤭😂😂
@GW-MOHITEDITZ,Pin🔥🔥
@Your_Crush_ibbo,Amazing Bro ❤
@samirsinghyadav1828,Congratulations Not Your Type
@ayush9x9gaming87,Not your type op 😂😂😂😂😂
@Kai-zc5dc,Bhopal gang ❤
@Vivek5656p,🤣🤣
@anshRocks07,3:55 gta san Andreas wali gun sound
@anshRocks07,1:58 Himachal 😐🔪🔪
@Artist001Div,Not your type is best👍👍
@dudumdas737,😂😂😂😂
@chillboy8806,Wow amazing
@Feelingsonroad,dam NYT 🥰
@mdaktarulislam106,@Ak
@mdaktarulislam106,1:41 1:41 1:41 1:41 1:41 1:41
@Proharshuff4545,Not your type team
@shouryasinghal5049,Movie name monkey prisoner
@brainouter5734,Good
@hiteshunagar-xp2hs,2:13 pa
@hiteshunagar-xp2hs,😂😂op😂😂
@hiteshunagar-xp2hs,😂😂😂😂😂Op😂😂😂😂😂
@fellofesongs,Prosessor 😂😂😂
@bhaibhaivlogs6030,Chhattisgarh 😂
@Abhaynikun,Op
@DrGamernomics,As a pickpocketer I can confirm  pickpocketer always be a pickpocketer
@cr7npro,From 3:15 scene Was awesome 😂😂
@realitycreategaming8461,1:14 processor 😂😂😂😂
@sindhuthanoj6641,Ujjwal has the best makeup
@rajkumarshah4350,Techno bhai
@ramkishan7966.,Aap ko me bhot pasand karti hu
@ramkishan7966.,Hello bhaiya mujhe aapke video bhot pasand hai I love your videos
@teemdinoboys100,😂😂😂 6:06😂😂😂
@abutalha162,"""Dhoom 4"" ki story lagri hai😂😂😅"
@tegtasgaming4738,Every chhattisgarh supporter's reaction like this;❤😳✌
@Facts45472,Processore😂😂😂😂
@ShivendraKumar-ug3pv,Ye sahi tha bhai 🤣🤣
@sonic12377,Not your type 😍😍😍😍😂
@WoatedHammerCC,1:58 was funny😂
@JyothiPoojary-rb6iq,I can't stop laughing 😂
@rajendrasingh-it4gi,😂😂😂😂😂😂
@SOSUKE_IS_LIVE,😅😂😂
@Mubzgamingyt,😂 😂 funniest part
@snehilrajput9351,Pakaj Aka Processor🤣🤣
@vinodramnani1341,Best video
@NazimAli-hy3hc,Netflix kahan se raha hai
@Sky_gamer-ju8rx,3:16 to 3:24 is the funny part
@Shrey9402,Woow you are very OP
@kyakasekyu,4:13 shows that that zotato delivers on time XD 😂😂😂😂😂😂🤣🤣🤣🤣😅😅
@radrubel,its really great to see real talent on big thing
@luvyroy2667,From Chhattisgarh 😅
@TANMAYA895,Best collab ever
@LEZENOS_911,3:43 😂😂😂😂😂 ✌️
@dakshsengar5826,🔥🔥🫀🕺🏿
@Black_queen23,Chhattisgarh 😀😀😀
@adityasingh4187,😂😂
@mbilal-5080,I wish they take rg to 😢
@akabanekarma7429,The man named Pankaj-🥲
@binubasumatary,"Rg be dead  😭
Agle Janam me part 2 milega"
@MightyCraft0001,katu watu ho kya? 😂
@seemayadav3619,I chose Rip-of🎉💯👍😈✔️
@binffmax7784,# Not your type 😊😊❤️💙👍
@Kawaai_edits,Watching from chhattisgarh ❤
@krinjal.gehlot,❤❤❤❤❤❤❤
@YashKumar-bl5bg,"Money heist part 3 😂😂
Only legend can understand"
@maindfreshvichar,😂❤️ super
@SOULS.378,Prosessor was epic 😂
@sanju_bhai_7ss,1:19
@rehansaikh7036,Copyright
@a.s.1980,Sorry Pankaj❤
@paserkarserkar6244,Sale chutiy tum ko mra hi nam mila(pankaj)😰
@Ananya_saha18,Not your type is the best ❤
@sanskaribandi9125,Chhattisgarh finally getting the attention 😭
@AHTDXO,OMG! Nyt
@cricketlover5040,Password 101😂😂🤣
@hailkakarot11,RIP Zotato waale bhaiya .
@Ayushhh653,Love from chhattisgarh😊
@yashwantdhole7645,2:15 Shakal bhi badi gandi hai...🤣🤣🤣
@achintyasarkar3693,@Not your type
@kashee264,00:47 ERROR IN HALF BLINKED EYES
@sonicx3903,Bhai voice thodi alag rahi hai feel nahi aayi aapke channel wali
@moluyadav3828,Love from chhattisgarh bro🥰🥰🥰🥰
@videogeonic6424,❣️
@ZORO_AGAINSTALL,Its really not my type
@ompatel-ew1bp,1:54 2:04
@ompatel-ew1bp,I am Chhattisgarh 😊😊😊😊
@BHISHM-YT,3:15 🤣🤣🤣🤣🤣🤣😆
@nilesh16o3,3:17 😂😂
@Surendrapratap9131,🤣
@Kittt6,Bhai me cg se hu❤
@narayan.zero3164,❤❤❤
@sqezofficial,3:58 😂🤣🤣🤣🤣 chuuuuuu
@MAGICxWATERyt,😂😂
@rushanmazir9809,The achievement ❤
@WAKA80,❤😂
@Piyush-hx9ux,😭
@anshsocial,The best
@SALMANANSARI-cy3ln,Love u bhai
@kamal94kashyap,Processor 🤣🤣
@kamal94kashyap,Not your type chha gya bhai Netflix ne video upload ki hai❤🎉😹💯
@denzer_edit,Next😂part please 🥳🥺🥺
@Hunter0001ds,nyt❤❤❤
@DeepuSajwan09,Processor😂😂🤣🤣
@90s-20sCartoonFans,"Not your type kabhi kabhi hasane main kabhi nhi lata @not your type. ------God of comedian, mimicry artist and animator. 🤣🤣🤣🤣🤣🤣"
@Minecraftpe12345,W ayu collabe
@jagsherpuri7330,😂😂😂😂😂😂😂🎉🎉🎉😂❤❤❤😂❤❤❤❤❤❤
@manasvirajput2224,im so proud of not your type
@mysteryscience8245,Op
@yashshukla_2001,😂😂🔥
@bush6901,More of not your type ?? Netflix
@Leoncore1292,How Netflix know about the content gonna be good and viral 😶
@amitkumarjha5698,Your voice is like not your type
@jigzstudios,😂😂😂😂😂😂
@TruthTeller2389,"The most unexpected collab

Edit: Thank you for 1K likes in the parallel universe"
@arunchank4810,"Stonks 📈--
Password 101
Zotato
YC YC bank 
Nalle police wale"
@yuitsuplayz242,funny seen 3:42 😂😂
@fukreygaming2358,Not you type is op
@bhagatofficial1m978,Love from Chattisgarh ❤️❤️ Netflix 🥰
@funtuber9155,I have been watching his content for so long and this guy will be India's biggest cartoonist!
@MdShahnawazVijay,Love From Chhattisgarh 😍💖💝
@Divya0523,Nyt ❤❤❤
@funandlearnwithabhimat1145,kabotar ki chi chi lag rahi was the best
@spearheads1582,3:49 Dora the explorer ke Bhai 😂😂😂
@tanmaykesori3355,Fabulous
@pr7.editx7,Bhai Mera Naam Pankaj hai 😢🤣
@snu377,Chhattisgarh ❤❤
@ankushnegi6503,Himachal op❤
@aksbkumars,@NOTYOURTYPE is my Type..😁
@amangusain1254,You  doing nice bro
@factsofwar676,Me ag
@luckydhiwar6465,Love from chhattisgarh ❤
@gbn-x-obito1265,"This is a great achievement for Netflix 
I mean not your type 🗿"
@aditya_soni__249,tagdi video bhai 😂😂
@pranabk.s3635,3:18 🤣🤣🤣🤣🤣🤣🤣🤣🤣 that was the most funniest part 😂
@vishesharya5033,Btw that's story is much better also and funny too😂❤
@govindsinghdigitalrajastha5843,I AM KID AND LOVE THIS
@govindsinghdigitalrajastha5843,Not your type  Op bolte
@suealankritrana1247,3:20 kya ye ishowspeed reference hai🤣🤣🤣
@unique_world2.0,Bhai aap Netflix chennel par ❤️❤️
@abhishekjawade2277,3:42🤣🤣🤣
@mohitvishwas4714,I am Big fan of not your type❤❤
@itsmebhavyaraj..,Zotato 😂😂😂
@ruchikaraut3983,😅😅😅😅😂😂😂😅 level hai 🤠
@alonecloud9607,Ye bank gta vc ka kyon lag raha tha
@kediyasingh1074,Bro yesssss not your type is the best 😉😘🎉bhaw Netflix me AAA gya bidu boleto dal dete hai khat khat 😂
@vikramverma3669,Bigest fan in chhattisgarh
@rajashreekharikapsa9151,Approach RG bucket list ❤❤❤❤
@shreyasamberkar07,1:40 i was having parle g
@nitishkumarmehta8409,NYT Bol na yrr breaking bad bhi hindi me dub kar de yarr  plz 🙏🏼🙏🏼🙏🏼🙏🏼🙏🏼🙏🏼🙏🏼🙏🏼🙏🏼🙏🏼
@redyama,"'Not Your Type"" Best in recent Youtube  🔥"
@bikibasumatary4611,My friend name is also pankaj 🤣😂
@hayshibea1702,What a mastermind plan professor:0 processor💯
@BALAJICOMPUTERS007,Not your type is best bro
@Raigarh_city,Chhattisgarh wale like karo
@art-xu4gz,Please make the school vedeo
@rathandhali609,YOU.  MY.   BEST. FRIEND❤❤❤❤❤❤❤❤❤❤❤❤❤❤❤❤❤❤❤❤❤❤😊😊😊😊😊😊😊😊😊😊😊😊😊
@optimusop5526,3:48 the best part of the video
@TheAryanPareek,This made me watch Money Heist again.
@anshul0702,Bhai apna yha aa gya vah
@mintukalita7954,ZOTATO  delivery boy 🤣🤣
@shresthakumari3863,Loved it ❤
@jannatulferdaussema2302,I love you not you die😊❤
@taninyataninya6370,Ayo I used to watch shorts vid of yours in insta... Didn't expect you here btw lots of love from northeast
@kana_creations18,Not your type ❤
@rojiahmed1513,i love not your type
@Gyan_with_gyanchandani,Plzzzzzzz    ♥️♥️PART 2♥️♥️
@vedanttomar2511,Rip of!
@Horror_Playz,Mast story the rest baba
@ruhi9549,Love from Himachal 🖤💥
@ChaosAndCofee,Give me heart Netflix pls
@narayan.29001,Didn't expect that twist. 🤣🤣🤣
@SamerrkSameerkhan-gn5gz,Jaldi coment kar do like milaga
@MustafaiFollower,dhoom machale dhoom machale😂😂 Op
@G.O.A.T_GUY,3:44 ❤️🔥🤣
@shyamalimahata4255,😂😂😂😂😂😂😂😂
@narenderkumar4926,05:01😅😂😂😂😂
@SBPGAMER-fs1zf,Op
@ANIGamingYT2007,❤️
@OniichanStudio,I'll send it to pankaj 🤣🤣
@ands326,4:45 🤣
@LïghtxMadara1818,Not yo
@ThePramodK007,Vayu bhai. OP 😂😂😂 3:57 😂😂😂 veg or haribhari
@brahma6102,Abe yaar Mera naam bhi pankaj hai yaar 😁
@untitledowa,Video itni Hari bhari hai ki usko salad samaj ke khale 😂😂
@robindas3320,😂😂😂😂😂😂 not your type i love not you type
@tejswinibansod1238,Ye to bhoom3 movie jaise hai
@Alim_shorts,Password is 101😂😂😂😂😂😂
@feralcookie3005,"Not your type is always❤
Finally a much awaited collab😁"
@ha6873,Ye bhi bik gya
@aisha.ans12,Can you please make on stranger things 🙏🏻🙏🏻🙏🏻🙏🏻
@aayushmishra7342,Tijori ka Password 🔑 101😂😂😂😅
@divinedarshann,Not your type❤
@asifraza9331,ayau this best
@gendeks_,1:58 love from chhatisgarh
@amazingworld7811,Maza aya🤘
@cutepic_Q,I am from chattisgarh
@aasthasharma7895,Amazing 😂😂😂❤❤
@living_joyfully,😂👌🤣🤣
@pizzaforever69,4:20 police literally in every action movies :
@Ranagaming606,Bhai me jab Katra nhi hu😢
@rohit_kumar0167,I thought not ur type was underrated but Netflix noticed them yay
@xuanwu795,Oh my god @notyourtype is my favorite animation YouTube channel ever
@BaratBaral-xe2bd,Ufbue
@Sigma_God_edits,I am 3.3k comment
@S0NGER_0123,Not your type + Netflix= Nytflix 😅
@cutekalpana01,Acha hai isme abusive words nhi h... speaker me bhi dekh skte h aarm se😁😁❤️❤️❤️❤️
@Pankaj-kg4ib,Tumne mera name hi ghusa diya
@ankushbathinda2727,Content❤❤😊
@anni0.291,Yrr professor ki bndi ko to dikhate or us arthro ko
@devil_bs5200,Thts why not ur type new video came late
@shopnokabir19,Ayus vai 🤍
@GameSlayer432,Nyt
@Princeyouknow-i9z,love you netflix for this lovely collab
@AravMaurya-kx9qv,Not your type
@radhesinghcool,Bhai Castlevania ko hindi me dub karwao please
@Adarshsahu26,Bhai mai c g se hu
@reenayadav1784,# Not your type
@Swayam-cf2qm,Love from Maharashtra
@sristichoubey,We want a whole series on this ft.nyt❤😂
@AyaanSarkar-rr9ll,Win ayu
@kemsio9860,Bhopal 😂
@compmaker1817,I am going to watch money heist now
@mattdamon2084,NYT with Netflix 😮😅😂🎉
@RajaKhan-xm3li,Please do stranger things too! 😅
@a.a.siddhiqi1241,NYT 😂😂 MONEY HEIST❤
@shxikant,Ye video ke liye kitna paisa mila honge
@yashchudasma1847,When are you triggered Insaan
@rajscienceexperiment,4:14🤣🤣🤣🤣🤣😂
@Rajivkumar-lu9vd,Manager scene was amazing funny😂😂😂😂
@renubaladash-pv2vk,You are Piyush Topno bhaiya I am ayush man dash your classmate
@bskbosko4077,😂😂 not your type best
@Poindexter247,Literally me
@aviritdutta2386,😂😂😂😂😂😂😂😂😂
@sasmitakhatai8643,Loved it❤
@lazemusic32,Not your type forever
@sanaypise018,Damn the twist 😂 .. nice video ayu Bhai
@pranjalverma6959,I am from Bhopal 😅❤
@abbasaliunwala1803,NYT roxxx
@moonlight_photography,😂😂😂😂😂😂😂best
@soransingh7829,Not you type has grown big ❤❤
@vinayrao3850,Taxi kaa colour to theek h pr rikshaw kaa colour sahi nhi h😂
@grow-yourself-01,Zotato 🤣🤣🤣🤣🤣
@ChandniVlogs007,Not your type chattisgarh se hai
@BeastZGamer,Not your type    videos never disappoint  that procecer
@nasrin_05,W AYU ❤
@Soulx-anime,Not your type is best animator
@KhurshidAlam-yz3wy,❤❤❤
@FLOKFF_YT,IQ Ko Tod Ke dikhao 1 trillion likes
@PoonamKumari-fc8mp,Himachal 😂
@ratnaminge6033,The bestest collab ever!💗
@Hare_krishn_radhe,Himachal 😂🔥
@54RamGamer,It's best for fun ever when mood off 😅
@vaishnavibagal9516,NYT ❤❤
@ashfaqshahofficial,Mai Zomato delivery boy hu
@PreetSingh-pj5gv,NYT op bolte
@Travel_with_aadii,Bhai yha par kaise agaya vedio
@LORD_NONU,Just abhi Jake is channel par subscribe or 4-5 video dekhal ke aa rha h
@dangaman1916,🤣🤣🤣🤣omg that script no one can predict that killer move 🤣🤣
@tieanimation9876,Bhopal wale like kare😁😁
@MohitSharma-zu7pw,Ringardiyum leviyosa 😂😂😂😂😂😂😂 ❣️❣️
@sagarujjainwal7292,bro..... way to go my bro Notyourtype.
@rachz27,🤣🤣🤣
@criza_yogesh,NYT
@Pankaj4749r,Mera papa  ko kyu oda
@jasminekaur6795,3:57 😂😂😂😂😂
@Choppingboard.3107,"wow, so funny."
@meenasanghi874,Pro
@killerninjagamer1818,Netflix + not your type = god animation 🎉🎉🎉🎉
@SAY-jf3hy,5:18 ha ham kha lenge salaad haa lekin sauce konsi hai aur blood kaunsa hai ye to batao
@The.Copy_Ninja,Do rg bucket list x netflix
@shahbazsaquib118,"We want more videos like this 😂😂
Love you NYT and Netflix"
@janvishakya,Sale new video bhej to mummy kasam
@meenayadav2239,Finally Indian animator got enough respect
@devikarajpoot2066,Your type acchi video banaya kar
@ANIMA_EDIX,We can say that he is from bhopal
@Harsh.mehra.jh11,Please next part 🔥🔥❤❤
@Waiba-p5n,W ayu
@Exiled78,Not your type paaapiiiiiii
@prajnapswain,Big fan of not your type
@prajnapswain,Supb
@uzumaki1669,😂😂😂😂😂
@RahulKumar-xn9rl,"no one can do best money heist  with Netflix than nyt  📉📉📉📉 he has best script 📄 , names👦👩 and sences  even better than real money heist"
@MGAnimeSoul,Amazing ❤️💗💞💕💕
@spikie5985,Where are you from
@NitinKumarBhatia,Himachal ko kyu toda yrr 🙄
@dsahu5405,😂😂
@HarshYadav-rh6tb,Yc yc bank 🤣🤣
@Hulkstory-s2,Pankaj
@Hulkstory-s2,Bhai mera name hai
@chetanbathre,Haha 🤣
@shreyachouhan2496,Love for chhattisgarh 😂😂
@pushpapatidar01001,"Attendance bhopal wale 
👇👇"
@ShubhamGoswami-nd6mf,Mubaiii chhatisgarh bhplaa was the best part 😂😂😂😂
@dailycharger4533,Tu. Bhi mujhe maar rha tha bhid me. 🤣🤣
@Triggeredinsaanfunn,winner ayu
@freethingsmafia,Chattisgarh 👍is my state
@GOKULOVER384,not your type ❤❤
@tanishworld4757,I am going to watch it again (la casa de papal)
@deadpool_1108,Love from Chha - Chha - Chhattisgarh 😂😂❤
@Ahsnu9933,Skrrrrrrr
@AbhinayParihar-ol2lq,Hi bro😮
@shivasshorts2979,Love you Netflix team ❤
@pranabjit9921,nyt op
@flexfootwear,W AYU COLAB
@Mrlucky-pw6jx,Khati bhai
@shivamkumar-op4rf,0:48 is best
@sabhiasadaqat-on8zu,Next video type of video game.
@Pankajranalalru,Bhai mera namm pankaj hi he
@PankajKumar-ws4wc,Kya dekhna pad Raha hai 🤣🤣🤣🤣
@itsjatinrao,1:34 that was not maths that’s quantum physics you can literally see the Feynman’s diagram there!
@VoLtiamo,NYT OP!!
@sanskarkulkarni7456,Kitna payement mila isko
@subhadiproy8416,"We want more, please never stop"
@yashshukla4723,not your type rikshaw pe 4th  banda aage ayega ............ i was always the 4th guy   :(
@StardrivenJoyboy,This is not money heist this is monkey heist🐒🐒🐵🐵
@sanjaygope8311,Bhai Hanuman ji or
@Baksod_Baba,mereko kaise pata chor chori k samay kya dialogue marta hai....op dialogue🤟🤟
@soul_gaming-nw9fy,Maza aa gaya
@sharmindipa7182,HaramFliX in 🇮🇳 in India in not yours type
@Jutsu_Bhai,not your type is legand animater 🥰🥰🥰🥰🥰🥰
@pankajmahawar3692,Are Aisa kuchh nahin hai
@rudra_bhatiya,NYT 😂😂😂
@The_12th_Passer,0:44 lekin isne Kiya kya hai 😂😂
@kashishsharma9694,Hmm... mera naam bhi tarun are per main kisi zotato company kam nahi karta aur meri mummy toh merko chappal se rok leti hai... aur mera kam toh padhai karna hai
@animeloverk2,Nice episode😉
@techwire02,Processor 😂😂
@BanglarChelepele,Not Your Type never Disappoint to Disappoint us 😂🔥❤
@kunalff8932,After a long time❤️❤️❤️
@akashchoudhary9525,Maza a gaya😂🔥🔥🔥
@FinishFlexerofficial,Wn ayu moment
@vaibhavSingh-wx3cb,I'm watching him from 8k ... Now he is doing collaboration with NETFLIX..!!
@New-awesomezjiwpmvc,Wɪᴡ
@classicabuu,How about a collaboration with rg bucket list
@ITZ_ILLUMANITI,Someone suggest me new zombie series on Netflix
@ayush.360,"Bhai mai Mar jaunga Hass Hass ke 
Not your type bas kar bhai 😅"
@wanted4725,"low budget money heist...😂
👆...Ye likho sab se pehle not your type ki video aa rahi hai...😂"
@AbdulRehman-yg2oc,😂😂😂
@not_bi1al368,🤣🤣
@krupalgoswami3182,A very funny part Is they can't find  lockers password....😆😆
@MINDSETELEVATE.0001,Not your type fan
@funnyfailsbook4293,1:57 Chhattisgarh ❤🥰🙏
@harshit6557,Bhopal or chattisgarh was epic man 😂🙌
@akashislive3762,I am watching this for 4th time. Pehli bear me samaz nhi aata😅
@ved195,Ap kon se state se ho
@hopelesh,Himachal wala soya nahi h bade din se😂
@samratsingh-sb9jh,W ayu collab
@Garrvit_Gupta,Sbse best 😂😂😂😂 humare sniper kaha hain or upper kkrh bank to ek hi malle ka hain 😂😂😂😂😂😂
@geetupadhayay4615,Not your type give India best content ❤❤❤❤
@General_Tritant,Netflix free karo
@jorammartin2102,NYT is my god👼👼👼
@indghost9535,Not your type zindabaad
@1jhalak,Mast thaa 🤩🤩
@tausifansari797,Nice video bro 😅😅😂
@varad6435,Still a better plot than last season 😂
@Moizansari0595,Op op op op op op op op op op op op op op 🫶👍👍👍💣💣💣💣
@AyaanBhavyFitness,Le Netflix Collab with Samsung ❤
@mickeyandchickey4399,Bhai Kitna Paisa Chhapra hetu Netflix se bhi ab tere ko vah aane lag Gaya
@shamimara3535,1:42 me cap wale bande k bagal vale bande k pair me doosra chehra😂😂🤣🤣
@jaladharruhidas2876,Nyt
@R_B_N_D,*NYT* मिया too funny कर दिया तुमने तो
@Anupchoubey2011,Love from chattisgarh❤
@TheRougNinja,चुराना
@nirbhik532,😅😅😅😅😅😅 nice 😅😅😅😅
@aditijoshi5759,Well done
@SoloFlame1021,Well done 'not you type' bro
@pragyaprabhava6697,Not your type op yrr✨🔥❤️ always great video 😎❤️❤️
@udaychattopadhyay4311,All credit to Ayuu
@2o6_Edits,Part 2 part 2 please please please please please please please please please please please please please please please please please please please please please please please please please please please please please please please please please please please please please please please please please please please please please please please please please please please please please
@gojo.saturos.jjk2,It is our type😊
@_._punam_._,Your my legend 😘
@tysonmusics,Tune to pal bhar mein chori Kiya re Jiya Mora Jiya 😂❤
@YesSteeloPie,Unexpected collab
@nonysweetu6934,Bank locker Password 101
@mujjunawaz1819,W ayu collab
@Funny_Boy__61,So funny 🤣🤣🤣🤣🤣🤣🤣🤣
@royalgameing5674,Oop
@subhashmishra1472,"And the name of the movie is 
             BANK CHOR
                       ❤"
@glunity22,😂😂😂😂😂😂
@santoshjondhale2131,Not your type is on Netflix 😊😊😊😊🎉
@akhileshsongs4248,W AYU COLLAB
@akhileshsongs4248,Very funny video and very interesting
@krustparticles7107,Bhopal chhattisgarh mumbai himanchal that's was Epic 🤣
@Deap_lyrics2009,I love Chhattisgarh
@approckz5859,"Video to bahut achchi hai but naam 
Pankaj hii kyu 😂😂
I'm pankaj"
@bhuwankashyap4756,❤
@sourabhcchoudhary8252,Password is 101 seen in bank left side wall😂
@Sonutuxn,Pankaj op😂😂😂
@Killer65456-d,I love not your type ❤
@ankitporwal5760,Yc yc 😂😂
@rohankumar4925,Legend broo❤❤❤❤❤
@AbidAli-qx2sk,Biggggggggggggggggggggggggggggggggggg Faaaaaaaaaaaaaaaaaaaaaaaaaaan Not Your Type
@amdits3762,😂maza aaya
@SweetDevilSuv,Pichheki jeb 🤣🤣 💸
@Nobita_G01,Prosesor 😂
@luciferon-uo9zv,❤From Chhattisgarh😂😂😂😂
@fanboy.v,Mene apki sari video dekhi great work
@fanboy.v,I'm big fan of you😊😊😊😊 bhai kese bana lete ho intni khatarnak video intni achi script kesi likhte ho itne ache joke itni achi script kese 😊😊😊😊😊
@Weirdly_stupid,Ye video itni veg or Hari vari Hain ki aap isko salad samajhke kha bhi sakte Hain 🤣
@Gameplay-d2l,Big fan
@Weirdly_stupid,Is this not your type ?
@uchihagaming4192,Do  more collaboration
@lolindia3594,Zomato ka bhai zotato 😅😅😅😂😂
@Indian_lgbt_hater34,Love not your type video from chhattisgarh ❤
@awkwardgaming9865,Not your type!!!!!!!!!!!!!!!!!!
@Loveyourself013,😂that hawan 😂😂
@scik12,"Himachal , ahh finally someone remembered us 😂"
@GODLIKE0024,Ahahahahahahahahahahaa
@devilworld6698,From chhattisgarh ♥️
@starskids2491,Best video
@quisinegan,Bhopale🤣
@thansithakur8032,Win ayu
@haseensaifi8040,Bhai lajvab....😂🤣😂🤣😂
@DileepSarswat,B
@pankajmeena5064,0:13 mujhe kyu toda ? 🤥🤥
@pankajmeena5064,Mujhe kyu toda?  🤥🤥
@diva3920,Proud of NYT!
@manyakgoswami,Bank password 101
@adityaakhade7959,Police sniper 😂😂
@adityaakhade7959,Bank password 😂😂😂😂😂😂😂😂
@satweekboy8894,w iu colab
@parmanandyadav6819,Chhattisgarh wale😂
@sharamjamra8442,Amazing
@Vedanttt07,4:06 Minecraft TNT sound 🤣
@amrutapillay7761,Netflix X NOT YOUR TYPE was so unexpected!! Cool
@arpansachan8768,@3:37 💀
@Spartans0003,Not ur type ❤❤❤
@Itztoxic1630,NYT GANG FOREVER
@Lagknee,Dhoom Machale Dhoom machale 😂😂
@alexblaze6802,Bhai apne Chanel pe v kuch daal de
@apkagamer7240,Op bhai
@souvikroy4705,"Please 🙏🙏 Collab with ""rg bucket list"" 🥺🥺"
@_3.59am_editzz_,Aayu bro e na cholbe pankaj hi kyon liya 😭😭😭
@pritamgoswami1605,Not you type
@trustedyoutubers,Nyt love❤️
@honeybutterr04,😂
@arpitarajput345,वीना यू
@arpitarajput345,रीना यू वॉल्यूम
@minusingh5465,Win ayu
@sprayerplayz4571,Tabhi sochi consistency kaha jari❤
@iamnikhil4,Chhattisgarh ❤
@arnavgaang14000,NOT YOUR TYPE ❤
@babulchandraborah820,Big fan not your type
@sudipakundu9035,Great animation bro!!!
@RIJWAN_OFFICIAL77,Not your type : Or video banao
@pankajdas5238,Not your type army forever ❤❤
@rajeev23-o9i,NYT❤❤❤
@Sammy-v9h3p,101
@शकुन्तलाके,😂😂😂
@TC_EAGLE,W not your type collab
@hitendrakumar5659,B
@minigaming6323,2:03 are Mumbai me Delhi wale auto kab se chalne lage 😂😂
@Best.time.,Password 101🤣🤣
@reeta2493,I am from chatisgharh
@bittugawde3391,Bhopale 😂😂😂
@CrafterBoy-1207,Nice video
@okggaming1349,×͜× RAHUL ࿐
@manishnishadraj1668,"Not your type and Netflix friends🥰🌹💖
👇"
@abumutalifislam6700,Just owsm ❤😂
@talhaabbasiop,NOT YOUR TYPE OP !!!!!!!!!!!!!!!!!!!!!!!!!!!!!!!!!!!!!!!!!!!!!!!!!!!!!!!!!!!!!!!!!!!!!!!!!!!!!!!!!!!!!!!!!
@LX.FALL1N1-1,😂
@bubbles5316,Sniper aur safe wala scene best tha😂😂😂😂😂🤣🤣🤣
@harshitnegi4471,Idk why but Bhopal reminds me of kullu for tanmay 's chanel
@1percentos,"Netflix is biggest compititer of youtube.. 🙂
Why Netflix create channel in youtube?"
@AJMashUps2863,Doraemon + Ninja Hattori + Perman + Kiteretsu (only possible by NYT)
@Lazyedit5,Processor bhi 😅
@ironman5719,Bhopale😂😂❤
@tripperanimes,Masterpiece 💙
@madmaxmadmax9873,4:56 best part of this video 😂
@Bossgaming-im3qb,We need more time 😢😢
@Shoutout01,Op
@kunalmaharaj1917,Mast video video thi yar maja hi aa gaya 🤣
@babydevi2128,AUY best video
@Maxblog444,Who is from nyt's community post😂😂😂
@DeepakKumar-zz3rt,Tiny viedo
@chocolate_patch,Too good!! 😂❤
@hirdaysinghbisht,😂😂😂😂😂😂😂😂😂😂😂😂😂😂😂😂😂😂😘😘😘
@NishanBrar091,Woah Netflix is giving heart to everyone
@vishalbhatti824,Zeher
@P.C._99,Himachal ❤️
@xt_nova77,the way in bank manager scared was similar as ishowspeed
@saharasapkota4922,Acha to jinda he mujhe to margaya lag Ra ga tha 😮😮
@TENKAI_47,*Thanks foradding chattisgarh*
@mohd.raheemmumtazahmedshei7111,Money heist is my favorite professor op🎉🎉🎉🎉🎉🎉🎉🎉🎉
@PrafulMeena,Better story than money heist😂
@HimzOG,❤️❤️love not your types
@umanggmg1m,1:55 mumbai
@umanggmg1m,0:13 very funny part😂😂
@dudegaming6492,I'm pankaj😂😂😂
@hayatmahmud5084,Lol 😂😂😂😂
@antiquesong912,Bmro chang the old mic 💦💦
@6381Shivam,Thanks Netflix and not your type
@VortexGamer81,🔥
@amanchaudhary64291,😂😂😂
@WRSASORI04,3:25
@Master_in_TSB,Rip of
@Banban-gamer1,Not your type can't forget to enjoy our
@rainywinter4592,Love it bro nyt
@Crazymadff,Love From himachal pradesh Manali ❤️
@crypticbong,lol this was awesome.. thanks for the laughs @notyourtype
@prachibhanshe5507,Not your type forever ❤❤
@theshortsvideo51672,3:32 maza aa gya 🤣🤣🤣
@WR_ARVIND,Not your type get the platform they deserve it 💥
@slayerff8195,NOT YOUR TYPE VOICE ❤
@liongamingmax4281,Not. you. type❤❤❤
@Yadavbhai724,Processor op😄
@btsmylove3377,3:17 is my favourite scene😂😂❤
@iamnoob1164,Win ayu
@debjyotidas71,Spoiler de di😢
@reboot5900,xD my city is bhopal thanks ayu for selecting my city 😀👍😀👍😀
@chia_phukon,This one was lame 💀 ... I mean .. I am a big fan of not your type.. And  he makes videos  way above this level 🦆
@yogeshagrawal7931,I liked the rip off
@mistysarkar23,Amezing 😌❤️ Love Not Your Type animations ❤️❤️✨
@Earn_info518,Outstanding contant
@SelarX,Not to complain but did nobody actually noticed the password board change from yellow to white???
@MastermindRifatOfficial,W AYU
@kartiktrivedi6381,Not your type Netflix Mein kyon kam karte ho
@anweshamoharana9375,The best ❤️‍🔥
@ayyuiiytyuuiokutty,These is better than money heist
@Offroad362,Har jaga not your type hoga kon kon pasand karta hai 😎
@aakashdev3808,"sad but bro gave spoilers in promo video 😥
Netflix please collab with more talented YouTuber like dank rishu, and saiman says they're big in content though not so big in numbers."
@omkars2535,Love from not your type fan..
@umeshshendre3583,Part two 😂😅
@zakip682,W ayu collab
@Deny_jennie,Posword 101🤣🤣🤣🤣🤣
@beast_bristy,Yaaar AYU (not yourtype) AP vi Kamal ke dimag lagate ho apni script main processor jesa 💜😌
@Rishi_edits-67,Password=101
@GaurNish_NG,Mast❤❤❤❤❤
@ARJUN-si7sw,3:17 Best part🤣😂
@musicbyrish,legend bruh
@TechyShadab117,Notyourtype putting entire animation industry on 🔥 with his entertainment skills 😍
@binaykumarjha2978,Wth is Bhopal chhatisgarh Mumbai
@gaumata110,5th time i watched this video 😂😂
@pankajarya6817,Bhai kal he mujhe public ne mara tha jebkatara sumjh kr 😢😢😢
@sujalgaming3340,I really have seen it 3 times but even the crowd did not satisfy me.... 😚😂😂
@yogeshmakwana5186,"Superb Netflix, Very Nice"
@rohitgupta.611,"password -101
Hey ishwar 😂😂😂😂😂😂"
@properfectgaming8338,When your name is pankaj and watch this 😂
@abhishekgupta7974,Not your type script writing op❤❤❤🎉
@anymii6045,Finally Some good content from Netflix india
@Muskan-gx3tg,My name is prosesor
@stylesutkal6825,Isse kehete hein asli money heist 🤘😂
@Filminutz,"Imagine this roberry in SBI Bank😂😂😂... Lunch tym he baad me aana,  chaabi iss cabin me nhi he tijoori ki he 😂😂"
@haqsikder5251,Notyour tipe op😂
@DesiMasalaRec,Very nice
@BenSlayeRReal,The reference of YCYCY BANK is from ICICI BANK 🤣🤣
@sarfuddinansari9583,Same shiv
@Aryashiv,Yay nyt 😀
@Yawar_Emperor,2:44 😂😂😂😂
@ansar5701,😂😂😂😂😂
@sirajuddin-uv7oi,😂😂😂
@pawanjef,3:49😂😂
@pawanjef,NYT🎉
@pawanjef,❤❤❤❤❤❤❤
@Jujutsu_114,Processor 😂😂😂😂
@kids_education_,Money heist se not you type wali money heist achi hai 😂😂😂 money heist irritating hai ye wali mast hai ek dum😂😂😂😂
@learnwithneerajb,Not Your Type is 🔥🔥🔥
@killerdragon5818,Hi very nice
@Techandhype,Not your type is best
@rajagusain7296,3:16..this scene is my favourite.. 😂
@suyogshejal2792,Netflix I love you ❤ 😘
@abhisheknagtilak1460,Ye taati banane ke liye 1.5 months lagadiye
@1xbeats734,Apne bhopal ka naam bhi aa hi gya 😂I mean bhople ka
@_ashokkhanna_,"The way he say - ""Nahi to"" in every video is very unique and funny 🤣😂"
@Aniceguy965,Bhout dino ke Baad Netflix YT Mai 1M Views aaye hai
@nakul2661,Nyt is great
@kronos6484,Dhoom 3 + Money Heist😅
@progamingbunty7103,😂😂😂😂🤣🤣🤣🤣
@parthmehta7445,Are bhai mera. Naaam bhi pankaj h 😐😐😐
@pratapsingh2070,Rg bucket pless
@Subscribetomychanne_,Nice try not your type
@renusonkar9435,Script writing God level
@himanshuharsh6310,This collab is so amazing and awesome 😂
@freefireshutergang481,Eksjsjihd101
@swornimkarma_01,
@Sigma14645,3:45 🤣😂🤣😂
@gopalmahar7950,Nyt deserve karta h
@fakhruahmed8173,3:47 password tho divar pe likhi hai 😂😂
@menukapradhan6663,Win not your type
@devsoni6392,Bhai cg se mai hu 😂
@kaleenbhaiya791,great mixture of money heist and 9hrs
@KeertanaDevendra-im5bc,😂😂😂😂
@KeertanaDevendra-im5bc,Why do u have to use my name yaar (Tarun)
@cloneap6605,Really ❤️ This Video More Funny And Interesting on real Money Histe
@R4x_04,3:19 😂😂😂😭😭😭😭😭😂😂😂😂
@mrnamaji26,Win ayuuu❤
@FAXOTIC-GAMER,Lol 😂😂 no one talking about password 😂😂😂😂😂😂
@tryambakpathak5739,Are bap re kaisa  dekh liya ye video kahi mai bhgvan to nahi bn raha 😂
@gangstapb12,3: 20 is best
@YatoNazuna,Nice
@benzogamer4372,Chattisgarh wow vo hamara rajya he 😂😂😂
@aayushdubey5658,Bhopal wale idhar like karo 🤚🏻
@ayoushayar,We need part 2 😁😁😁😁😁😁
@OGTusharLive,Zomato ka spelig galat he and 1:37 me yc yc bank ke badaleme ycycy bank me kiya he
@sz2673,0:14 😂🤣
@kanishkamudgal20,Hmko pta tha tum bhut aage jaoge❤️
@pranav_rj,Wait you just spoiled Money heist for me
@priyanshupriyanshujha4841,Op op💝💝💝💝💙💙💖💖
@jiojio7790,OMG! I'm  live in chhattissgarh😊
@dreamoflegit6430,Super not your type always op❤❤❤❤❤😊
@sumitrakumari5795,Not your type
@Cocwhitewolf,Not Your Type ❤️
@blue_skyyt7371,Love from Chhattisgarh❤‍🔥❤‍🔥
@RBLXITZGOODIEBRO,You are best always 🤩
@RBLXITZGOODIEBRO,Big fan
@pankajyt2023,Pankaj nam wala like karo 😂😂
@GamingBuddyBS007,Ruk Na Shemde 😂😂
@bibhadevi240,😡😡😡😡😡😡😡😡😡😡😡😡😡😡😡😡😡😡😡😡😡😡😡
@mincyyaduvanshi,Not your type 😂
@rockgaming2774,😂
@kalpanasah8051,Part 2
@SAYANHEMBRAM3537,2:41 2:43
@pixelstar4427,What not your type is so famous
@sayakff0074,Not your type army❤💙
@Thewhitegoldcity,Bhople 🤣🤣🤣
@tylerdurden_qr,Thanks for collaboration with not your type 😊😊❤
@pankaj.mahaur,Mere saath anayay hua hai 😅😂
@Lufertang,Waaaaaaaaa Bhai ❤❤
@opgamingandroid7869,Win ayu win
@M--VIVEKRANA,"Not, yo,types,very,long video"
@theliteral2741,Ye thunnivu se copy nhi h?????
@shaktithakur12345,🎉🎉🎉congratulations not your type
@sykopp,NYT team forever ❤❤
@jatinloota4007,😂😂😂
@Zayn7890-r1u,Wah aa hi gye 😂😂😂😂NETFLIX ME 🎉🎉🎉 CONGRATULATIONS NOT YOUR TYPE😊😊❤❤
@Irritated_vashu213,Not your type op
@vikramveersingh9124,4:08 this line is similar to ambuja cement line 😂😂
@RajCrypto007,I am from chhattisgarh Love you NYT ❤️❤️
@bilarsinghkharte3303,Yooooolo
@rsronyvlogs,Bht time se intezar tha not your type ke naye video ka
@johebali01,Pass 101💀
@inddeepakff,Today is my birthday
@TrenderzLeague,hats off to you brother i follow u on insta also and love your content
@veereshveeresh6875,Who gave the like without watching complete video 😅
@kumarishrutisahxd5070,We want a whole new series
@rahulgangle8363,That show nyt is better than rk balti
@cocomelon1911-nk,Love by NYRT❤️❤️
@tejasvtiwari8786,Best ever episode maja aagaya bhai ek no
@kendisnauss,Chattisgarh ke bare me kuch mat bolna 😡
@ullabulla-cd4hj,Win ayu
@Faizu_TheGoat,"Really he put a lot of efforts to make this masterpiece 🎉😎
Not your typex Netflix just giving me those chills 😂"
@a_____b2028,Yeh toh asli se bhi bdiya thii
@ABClownGaming007,@official 07 editz
@rojimmaner2531,3:17 Ye konsa tarika hai be darrneka😂😂😂🤣🤣🤣
@salimmujawar5128,Not your type papi new video kab ayegi
@skibidimadhyapradesh,"Not your type fans  
_
_
_
_
Here👍🏻"
@skibidimadhyapradesh,Achievement ✨
@sanskritigupta2219,Kitna paisa mila bhai
@messageinsult,Part 2
@love0666,That's is heart touching love 💕💕💕 for nyt🎉🎉🎉🎉❤❤❤❤
@anonymous.to.you.,"Happy for  ""not your type"" 🤗"
@Kuldeep-d8h,3:05 yaha humara legend nikal ayega 🥰♥️
@rohit369-d1u,Super animation Not your type
@manisharai9434,NYT 🎉
@hindu_striker_2.0,We are chhattisgarh ♥️♥️
@EpicGaming-PS,Legend not you type videos ❤️❤️
@snnw.9,Nice promotion 😅
@SOURASPECTRUM_BEATS,Not your type rocks
@dev4552,"3:18 ""ye konsa tarika hai darne ka""😆😆😆"
@Kuldeep-d8h,Not your time tum kiya khake kiya khake bonatate ho
@nooobbbb027,🤣🤣🔥🔥
@yjklmnop,Are bhai apna Not your type toh itna famous ho gya
@chiragmahanto222,Sala under rated State
@surajbaisoya6272,I buy Netflix subscription because of not you type
@gauravkumar-ef7jq,Sorry dusat maja tu nhi aya tu like nhi
@siooooo6075,Not your type fans forever ❤
@beastboybharat,Chaa gye not your type 😂😂😂
@VedikaMachhan,🖤🖤🖤🖤🖤
@s0o0y4,... Good❤
@rajnikulkarni821,Prosessor op😂😂😂
@shalugoswami1902,😊😊😊😊😊😂😂😂❤❤
@pravinbhudyal8855,W ayu colab
@agentthundergaming7490,My name is Tarun
@megaRAYQUAZA_07,Nyt.....ki jai...
@austrialan,Notyortype
@Little_Brother69,Love from Chhattisgarh 😘😘😘
@minecraft1.179,"I am from, Chhattisgarh"
@dj._.agent2169,Nyt op 🐢
@akhilsingh7916,Not your type is only my type 😅😅😅
@anoop_sharma.,Nice ad Netflix 😂
@snapgamer5461,Masterpiece 😮
@priyanshurawat7259,Shi mai mja nhi ayaa
@SMG.Arts.321,Bhii Aap video bohot funny banate ho lekin 🤣🤣🤣😂
@hasibahmed5248,Ycycy bank😂
@dpmfit,@not your type
@soulrajib,The best greatest NYT
@My_own_craft_minecraft,I am fan of not you type
@PlzRemoveThisHandleFeature,I'm gonna share this video with my college processor 🙂
@sologamer9506,Nyt forever
@comedylegend2975,Not you type X Netflix
@malvi_gamer_999,Tumne delivery boy ka Naam kar rakh Diya mera naam bhi Tarun
@The_Shadow_Monarch1,Yeh script kahi dekhela lagta hai
@ironman9258,Bhai 😂 op Netflix ke chapri nibbe subscribers bhi soch rahe hoge ki ye Netflix cartoon dikhane laga bhsdk content bolte isko cartoon to tu hai
@no-ys9xv,The Zomato boy 😂
@royalmunda9476,"NYT on Netflix
Keep going bro"
@mrdlifestyle4256,Love ❤ you
@Gameisover564,Money hiest ki jahnd kar di
@joker_70,the collab we never knew we wanted!!!!!
@aamirmansuri7457,Not Your Type x Netflix 🔥
@mr.firstfaster2510,1:25 No ICICI Bank Was Harmed😂
@Furyspark-u4e,W ayu
@nobitagaming4445,Op😂❤❤
@nobitagaming4445,😂😂😂😂😂😂😂😂😂😂
@user-pl7cc9fd1o,The line - maro maroo lekin isne  kiya Kia hai 😅😂😂
@aakash2sky49,Mind blowing 😂😂😂
@godrachit69,Nyt deserve it❤
@XManish79,Love you not your type❤️
@dietcokeisgreat,"I live in bhopla 



Or bhopal😅😅❤❤"
@godyt7766,Love it❤😂
@Crazyjagguflims,Not your type oppp dubing
@himanshukyal8487,Mane money heist ko do bar dheka hai
@Prerna011,Are you from madhya pradesh...?
@mamtaprajapate1456,You are cool not your type
@NicebotFr,YC YC BANK = IC IC BANK 😅
@nezz_Plays,Arey pankaj mere papa ka name hai😂😂😂
@vihangaru4080,Win au
@luck835,The not your type team forever 💞💕💝💖💗💓
@rahulsukla-vo2gr,Uu
@mrlc4822,Looks like chinxx left him
@VINCENZOCO.,"Really 😂 This Is Out NYT 😃
His Work Is Awesome 😎
My Review - 🤣😁😊"
@kaustubhtodsam6062,W AYU
@khankhashif8377,It was good
@nooralamansari1922,"05:34
Yaah news reporter😅"
@shivambohra_8558,Not your type🙌
@devilgaming-hf5ws,Nyt
@Viralfunz_ft,5-7 maths tution😂😂
@pankajgautam1248,Not your type mai hi pankaj hu 👀
@rohitjagtap2020,Not your type always best ....yaar processor ka baap processor ko maar ke bolta hai bhid ke sath milke tu bhi mujhe maar Raha tha 😂😅😂
@ajeynagar4078,hey dont tell me that those gun  sound effects are from gta san....??
@NROXZ08,Nyt always my fav ❤️
@newlifebikerider,My name is Pankaj but i am not this professor 😂😜
@Priston79,I didn't wanted to watch money hiest but not your type ne bola toh mene subscription leliya
@gelvenoff7045,@NOTYOURTYPE to bik gaya in Netflix walo k hatho 😂😂
@SinTheRapperOfficial,❤❤❤
@parthpagal167,Not your type you're great😂😂😂😂❤
@rajudas7729,​@papa aman 10
@PKJ4x,my name is pankaj
@Sketch-sensei,Hlo nyt mujhe pta nhi tha Netflix pe
@ruturajdurgawad4502,0:57 😂😂😂
@Abdulxa_0,Amazing concept
@furiousboy119,"Is this channel opreat by an A.I
Aur human 🤨"
@aniketsutte3915,kaha search kru aur kaise search karu
@aniketsutte3915,netflix mujhe please batao mai kaise dekhi ye netflix pr mujhe ni milra 😢
@SangeetaDevi-yx6wz,Ep2
@KANAKOUSHIK,😂😂😂😂
@whiteteengamer8093,😂😂🙏🙏 nice nice 👍👍
@ansh6096,I think the processor is 8 gen 2
@harshdeepthakral2530,Not your type is best
@yohalderboy,Proud to be an not your type fan
@cultofthebeast,From chhattisgarh ❤️
@pankajpalani1448,Salo muje barbaad kardiya .
@pankajdixit8191,Waah re pankaj 😂
@zeepu001,Bhai apne hp ka kyu liya
@xolo_moin5888,Bro!!!  I never ever imagined NYT with NETFLIX !!😭
@khushichauhan1063,🤣🤣
@abhishekjadhav9676,Ye SBY hota toh aur maza aata
@stuffs103,It's professor not processor nyt 😂😂😂
@abhasingh8714,JAI NOT YOUR TYPE GANG KI.... BOOYAH!!!!!
@Aman-yp4tz,Comedy level 😂😂
@habiboddinkazi2948,I am so proud of you NYT
@Xnozanime,Rip off😂😂😂
@shahnoorjahan7064,It's awesome 😘😘
@Labhya_Sahu,love from chhattishgarh
@Enenra_07,Password = 101
@Hasnain-f8z1k,Who will wait for Berlin series 😀😀
@Pavankumarsaccount,It was so funny yar😂😂😂😂
@tahseenannuanjum4732,Very funny 🤣🤣🤣 Not your type is king of comedy
@A.ADdraws,Perfect masterpiece of nyt par Maine money heist nahi dekhi.
@Suresh-um7om,The music of John wick chapter 4 in the background was lit🔥
@anim__vinnu,bhopali like kre😎😎
@arpanpatel18917,😂🤣🤣🤣
@yarali1995,NYT money heist >>>>>>>> original money Heist
@aniketpayeng,3:19 is Epic
@SURERNATURAL9090,Very funny😂😂
@kanaksainivideo6794,Dum machale dum machale hahaha best scene 😂😂😂🤣🤣🤣
@ayushbhowate42,password - 101 😂😂😂
@manishaagarwal19,🤣🤣🤣
@agrimsharma88,Password 101   ❤❤❤❤❤❤
@Xizen_67,Not your type 😍😍😍😍
@drakwarzone,We demand more
@drakwarzone,Best collaboration
@alekhyareddyv2982,You are Tum Ek Rachit Milk video Bana De video cameras on the map of traffic and cats or not the type of videos of other hey Siri a video when I
@modernkidtoon,I am nyt fan when he had 1 lakh sub now he becomes ✊✊
@upendra0007,"भाई पैसा नहीं है
Netflix के लिए 😣"
@manavpanchal5807,Congratulations papi
@vedkothari1400,This is by not your type
@pokelife5072,Part 2 kb ?
@omdevrajput6444,Not your type agli video jrur Lana 😅😅😅😂😂😂 bhut funny thi
@karinardddpatel7979,❤😂
@arpitapaul4441,Tarakki❤️
@vishv_7,Very much proud and happy for NYT❤
@Indian_information,So funny not your type 😂
@quotevibes-w8z,Mumbai chhattisgarh  bhople was epic😂😂😂😂😂
@hrushikahrushi11,@NOTYOURTYPE  you are best yar 😂😂🙌🙌❤
@abduttayyab,Bhopal ❤️‍🔥😊
@Ishu..09,6:18 Bhai yarr kab ke dekh ka complete kar de yarr 😂😂😂😂🔥🔥🔥🔥🔥
@GiyuTomioka-zw6zb,Fax : Ye video se pehle not your type ki kisi ne jeb kati hogi.
@whyamoswhy4582,Best collab
@sanghrajjadhav3557,Not your type ALLWAYS OP 😂🔥💯
@lagongaming6271,What's the name of full episode on Netflix?
@kpop_strawberry,It's my type ❤❤❤ NYT X NETFLIX
@papaibag4887,I love u bro❤❤❤❤❤
@handsomecauliflower7966,Nyt big W
@Chandan_kumaryt,Finally it's here ❤😂
@zaniel9924,Nyt best
@youroldmate9661,Congoo 🔥🔥 ayush bhai
@Shabana_-tl6tr,Not your type 🎉🎉🎉🎉🎉
@prathameshsavare2024,Netflix ka paisa barbaad
@legendarystudio_07,Nyt ko akhir me koi badi promotion mil gayi
@atulpanchal2663,"""""Kabootar ki chi Chii lag rhi ha.. """".... 😂😂😂😂"
@sheikhmoharramasabhopal4979,That ZOTATO(Zomato)part epic and very funny🤣😂🤣🤣🤣🤣
@vanshitadubey9087,NYT team forever..!! ❤
@alajmayeen9339,Not your team is better than money heist 🎉😂
@UpanshuGamer,Good
@respectshub4951,Love from Chhattisgarh 🥺🥺🥺🥺🥺😭💖🌍🌍🌍🌍🌍🌍not your type bhaiya 🌍💖💖💖😭😭😭😭😭😭😭😭🥺🥺
@lakskhyapathlab5100,1:57 finally chattisgarh recognized love from chattisgarh♥
@devrajboricha3608,Best
@tuktuksoni3164,Ab confirm hogya ye bnda Chhattisgarh ka hi hai🥺❤
@SMART_VS,public shocket netflix X not your type rocked
@lukeshyadu9225,Chattisgarh❤
@sujitgamingchannel,Nice video full on paisa vasool video
@notyourtypefan7743,Your vids are always amazing and comedy full not your type bro 😂😂
@notyourtypefan7743,Your vids are always amazing and comedy full not your type bro 😂😂
@jkboss0746,Thank you not your type to say Chhattisgarh😊🎉❤
@genzgamer2320,Pankaj op in the chat 😎😎
@shubhamsharma-ke1hr,Op Bro
@shivanshu802,😂😂😂
@reshma8953,lagta h 8gen2 processor h
@Omnarayan_209,I'm form Chhattisgarh
@editionnet,better then real
@arpnadubey8786,I live in sagar
@abdulshaikh3738,😂😂😂😂
@jack-herrie5911,Mumbai aur chhattisgarh wale like kro😂❤🔥
@JitenderKumar-cs8ur,This Collab Makes Everyone Laugh 😂 And This Collab Is Worth🔥And I Also Want To Thanks Netflix And Not Your Type To Give Us This Best Collab👍🏻🔥
@RingtonezWorld,I'm not your type 😉
@Vibe_with_tribe,Reason of stomach ache - laughing from this video 😂😂😂😂
@vinitsoni126,Amazing video achha laga 🤣
@shiprasan,I see why he was not active he working on something big. Happy for him though and it's so amazing ❤️🤌
@anudeep3826,Chalo kuch to achcha banaya ✌✌🗿🗿
@Sharmaji04__,Win aayu moment 💙🥀🤘
@newyoutuber9548,love from himanchal ❤ 👍
@hehe0710,Thunivu
@Bk_Gaming_321,Rip money heist 😂
@Sujal12hatkar,U
@prathmesh2133,Viral video 😂😂🤣
@op-kw6nm,Nyt
@_pankajsen,Ab maine kya kiya hain?😢🤣
@ajjubhaibhaina1653,Chhattisgarh😊❤😊😊❤❤😊🎉🎉
@kailashsahu5923,Love from chattisgarh
@sirsyed9378,win aayu
@adi_llly,Processesor ☕😂
@adityavishwakarma7252,Bro.    Best. Video.   I. Ever. Seen. Till now 🤣🤣
@rakeshkumarsharma7540,Love from chhattisgarh 🔥🥰🥰🥰🥰
@bishnusk-fl1mh,Not you'are type tipe fan like this
@aren644,😂 fantastic
@BIKETOPICSTHREE0----,😂😂😂😂
@_rishavthakur07_,the caption should be money heist in a nutshell 😂
@ultragaming8559,We want indian animators collab with Netflix 😊
@AnimeEditsbypankaj,Mera nam badnam kr diya pankaj 😅😅
@itz_arpit_69,Better than money hiest
@ShivamSinghy,😂😂😂😂😂😂😂😂😂😂😂😂😂😂😂😂😂😂😂😂😂😂😂😂😂😂😂😂😂😂😂😂😂😂😂😂😂😂😂😂😂😂😂😂😂😂😂😂😂😂😅😂😂😂😂😂😂😂😂😂😂😂😂😂😂😂😂😂😂😂😂😂😂😂😂😂😂😂😂😂😂😂😂😂😂😂
@bholayadav7627,V need Part 2
@ASHISH_TANDAN,Im from chattisgarh 😅
@KARASU13333,Yay... NYT🚩
@ankanbarley9198,Chhattisgarh Kho Kho liya Kyon bola Chhattisgarh ko
@STEVE_STONER135,this Is Definitely My Type 😌💞
@gsthouse5839,Utkarsh😊😊😅😂
@PhenominalHM,No doubt that was amazing but Sharum Ki Sketchbook's videos are better than that
@SPECTREmVp.6936,Processor 😂🤣🤣🤣😆
@वैदिकधर्मरक्षक,🤣🤣🤣🤣🤣🤣🤣🤣🤣
@viewerbhai242,Khatam honey kay 2 sal bad be promotion karna kuch sense nhi ban rahi
@afeef007,I am from bhopal
@gajju360,chhatisgarh wale like maro 😂
@vishalpatil6205,Not your type ❤
@THEcase2gamimg,Bhai iss movie ka name ky h koi bta do ky search kare isse dekhene k liye
@imsabonx,*MONEY HEIST*
@khileshwarkumar4148,Thanks for mentioning chhattisgarh ❤🎉
@studystud3617,"Never expected that NTY will be in netflix , indian animator need this kind of deserved collaboration."
@thekids-toon878,Chhattisgarh kaise choose kiye bhaii
@teramahi7,best collab ..wo sniper itni upr kyu hai 🤣
@hemantgurjar4317,🛐
@abdullahbutt420,That zotato guy 😂😂
@OPWARRIOR,Broo what a collaboration 😂😂
@itslived9073,❤️❤️❤️❤️❤️
@ritik7404,He never disappoints ☺️
@Umair_gamer786,plz fast video
@stratoryfaster,Apna nyt famous ho gya re
@chandan039,LOVE FROM CHHATTISGARH
@affan_mullla,1 min silence for tarun 🕯️🕯️
@viraztechyt91,"Processor , Mumbai ,chhattisgarh , Himachal , bhopal kya nam hai 🤣🤣  I am from CG"
@drax7441,"NYT deserve this great collab 
Twist was awesome ❤"
@kartik31693,I didn't expected Chattisgarh in this video 😂
@Madx404,🌝😂
@armanshereef2760,ICICI Bank yill proud this legends😅
@SOVIAT-UNION,Please a new  video 📹 🙏 💓 💗 💕 💖 📹 🙏 please please
@lame_lucifer,Bro your animation is getting day by day❤❤
@Kiyo-o8n,You are great
@AnshSharma-pu1mt,Not you type Army ❤❤
@Aayush_Singh_,"Love to Chhattisgarh
😂 From Chhattisgarh ❤"
@CricNews_Wala,Pankaj bhai wali story op 😁
@pileumlai2157,"Not your  type ♥️♥️
 the best"
@Dimplekanwar07,Nice collab netflix  and this is unexpected 👍
@pratikn990,Love from chhattisgarh
@nobodyXmusic,story nice but qulity kinda bad then other animator
@nobodyXmusic,who neeed rg bucket in netflix who are with meh
@Priyanshujat47,Bhai ye video ek saal delay kyu kari😂🗿
@sekharkoley1357,Oo you become so popular
@yogalife2980,Not your type is so dope
@XB101XB,*INDIAN YOUTUBERS X NETFLIX*
@aayushrana6048,Aayu tu idhr bhi😂
@shashankrai4773,🔥🔥😂😂
@menace1980,Not your type finally
@Achronicallyonlinehomosapien,This is definitely the most unexpected thing to happen.
@Deox.2123,Hi
@2pgaming242,Nty❤❤
@Roymiller2699,Vote here 👇for part 2
@pankajverma_69,Based on a true story🌚
@ashishpanwar5124,Hello team@not for your type looking for a proper contact of yours.
@Hanger_redcliff,Pankaj k piche ki jeb bdhiya h 🤣🤣
@7worthit274,😱 OMG
@rajpalsoni2620,I am from chhattisgarh😂😂
@keshavjha2401,NYT PLZ do season 2 also
@rhinobgyt3881,Jabkatara😂😂😂😂❤
@yashdirections,"""Maaro maaro, kya kiya hai isne"" 😂😂😂"
@hhhjju5012,😂😂😂
@unique8404,Your growth is superb not your type because your content is also superb
@awezrazakhan5824,Netflix got recognised by not your type🤧❤
@allshorts8140,Oooh bhai kiya video hai 😂😂😂😂😂😂😂
@nikhil.an143,Op
@Roymiller2699,We want stranger things next❤😂
@rajkamat29,Hii
@soturubundari9403,Thank you netflix
@toons-maza2979,Password : - 101 😂😂😂
@jeelmaheta7735,W collaboration aau
@niteshkumarpatel,स्वाद आ गया 🤤🤤🤤
@vivekkashyap2186,Not your type never disappoints us..... A deserving collab indeed....
@yash_calisthenics_,Not your type 😂😂😂😂
@ts_tabbu_ff,Thanks for spoiler maine abhi tk money Heist nhi dekha 😅😅
@Atbolt-002,Himachal fan like
@albinsaji8269,Nyt op
@knighteagle11,It was tooo funnnyyy 🤣🤣🤣🤣🤣🤣🤣🤣🤣🤣 ..nyt op ❣️❣️❣️
@Sushma_bhati22,not your type never disappoint us.!!✌🏻👽💀
@vaibhavmishra2449,5:38 processer bhi bank me dhus gaya 😂😂😂😂👍
@vaibhavmishra2449,5:04 best part 😂😂
@bloodysgamer2730,Skills of NYT deserved collaborating to you..
@Jainulpawar,Bella Ciao kidhar hai ?? 😭
@An_Yuvii_Offcial,I Am From Chhattisgarh 😂 1:55
@mayukhlakheria8514,Op🎉🎉🎉😂😂😂
@Luffy_palyz,Op
@ShanuKahaniyan,Wow
@earthspetyard,Awesome 🔥
@Orochimaru1-z6q,East or West Processar and uska bap is best
@ganeshdut4339,Dog
@ganeshdut4339,Iloveyounotyourtypebrotheriloveypu
@AliAbbask18,Now he work with Netflix India congrats.NYT
@rahulswami815,❤❤❤❤❤❤❤❤❤❤❤❤❤❤❤❤❤❤❤❤❤❤
@Rishabh4Real,This collab is definitely my type.
@24-karat-noob36,@NOTYOURTYPE yoooo bro
@nobitagaming4445,😅😅😊😊😂😂😂😂😂😂😂😂😂
@nobitagaming4445,❤❤❤❤❤
@eren_kun,Processor character development 📉📉
@wahidshaikh1261,Yahi nalla giri kr sakta h ye wala Netflix 🙂
@premalodhiyal2279,This Collab was not expected but i loved it 💗💗
@GAMING_TURBOS,op
@sunita_official-7,Me insta me dekh kar pura dekh ne aaya hu ❤😮
@johnny_bhaiya_7t7,Bhopal is the best carecter ❤
@_puneet895,nyt forever
@senpaistremer,Cool
@karan.thakur__09,Big fan from chhattisgarh ❤️❤️🤣🤣🤣🤣🤩🤩🤩
@Shobhitgupta24,May i rate 5 stars to this video?
@ijsirgaming,😅😂😂😂😂😂😂😂😂wow😂😂😂😂😂😂😂😂
@Mrphoenyxi,Win ayu
@mrmoba8644,Your content deferents ❤
@natikkashyap1711,OMG ❤ Bhai
@imeditss,Chhattisgarh 😍❤
@Kaustav.gmail_com,I'm a Not your type plz Like and comment
@Rajnisuthar1978,Netflix  and not your type op colab Netflix is best 😂😂😂😂😂 funny video
@King217_,6:03 😂😂
@pankaj-barwe,Mujhe kyu toda🫠
@THE-GODD,Collab is definitely our type 😋
@dxgarmy1373,Money Heist- Pankaj The Chebkatra : Proccessors Origin
@tenjin1195,Netflix is so chill 😂
@nobitagaming4445,Op
@akitheducki,I cant watch Netflix because we have limited internet in village 😐
@NehaSharma-od9ju,We are happy ❤🎉
@Strangerrr3,What suspense
@Strangerrr3,Wha
@Strangerrr3,Win my boy
@Eeeeeeggfg,Op
@Sachin-qg1tt,Nyt op ❤️🫡
@1.chotugamer594,Bhai Mera hi name Mila tha chor ka darja Dene ke liye 😐😂
@unfoldinginuyou,"NyT-ayu and his team has very big opportunity in further coming days. @Netflix know, how to come in limelight."
@parthgamingyt215,@NetflixIndia
@hanshhuu,Get subscribtion or free
@Motionbucketlist,🤣🤣🤣
@lucifer_gamer_8245,Video big karo
@pratyushsrivastava9867,Ohhhhh Bhai op ayu Bhai 🎉
@sacredideology,NYT  🖤
@REVNOXs7,Iam chhattisgarh 🤣 love❤ from chhattisgarh
@World-8.1B,NYT
@FaltuFun.Official,in the end I thought jao 😅🤣
@anjumnisar8406,NYT never dies😍🥰
@NOTI_99,Bhai youtube ko hack kar na he kuch idea 💡 do 😂😂
@sakshamthakur8609,Yaaaa not your type 👌
@Blackpink_worl,Bhople
@AmanBlackish,You are the osm👏
@crazybikelover7923,Best collab ever for me 🫠
@ZENOXFF692,`
@PiyushSingh-ub9bc,Best colabe
@Monarchofown_world,Excellent 😂
@suchitbalekar7062,2:29 wala scene mast hai
@Krish__755,I am From Bhopal MP
@Youtubelndia-Donations,My name is tarun
@sajjandhruw5945,Love from Chhattisgarh❤
@gagannirmalkar8373,Pankaj jebkatra👍
@Liii_tulip_07,Not your you are best
@hasanmahamud2666,I will see this video in Bangladesh 🇧🇩. please reply
@souravjoshi4073,😂😂
@shweta_thakur0_0___,Hɪᴍᴀᴄʜᴀʟ ❤✨
@Rudra_737,Whos are here after rachitroo ?
@SomeshShukla-ns1sd,My man got the success yeah
@Tarunverma0214,Bahi y to mera nam le Liya (Tarun) Zatato
@Mostafa-Computer,not you type is now famosa
@pdgamer5211,Minecraft TNT explosion sound effect
@MSeduworld993,Nice
@thehonestreview1909,Wow
@abhishekprajapati6646,His writing are next level bro
@1aliveff811,Ayu always 😂
@omprakashsoni1373,I live in Chhattisgarh Raipur
@fatimanisar6758,😂this man is hilarious 😂
@dpbossheadoffice7941,bhai Collab we never asked but we deserved @NOTYOURTYPE Haq hai bhai apko
@7coloursofficial581,Not your type love from Bangladesh 🇧🇩♥️
@Beatseditz1,Processor 🤣🤣🤣
@abhishektiwari-wr6qx,😂
@IshanShorts-j5p,Op
@subhrojitkar,Sound copy by not your type
@flagarmy0686,Chhattisgarh 😂❤
@Primeplayz2592,Legends are here after seeing Rachit video 😂
@amartripura204,Next time @rg bucket list💖rg fans show loves....superb collab @_Not_your_type x@sasta_money heist×@netflix..love from tripura💖northeast-india
@aryangaming6050,Love you not your type
@habibsarkar5262,Not  your type 💙💙💙💙💙🙂
@vernontyson7279,Zomato wala sahi tha😂
@katyaonidas9091,"At last NYT get what he deserves ❤
Keep shining 💖💖"
@mariyambano9205,Win Aayu Movement
@harshikabajpai,Nyt armyyyyyy 😄😄😄😄😄
@vaibhavpalod1304,Yeahhhhhhhhh❤
@itaChiuchiHa...,Sexy boy💘
@Luxuz0,😂😂😂😂😂😂😂😂😂😂😂😂😂😂😂😂😂😂😂😂😂😂😂
@God_krishu_bg-,W AYU MOVEMENT 😊😊
@Avantiiika.h,W AAYU ❤🎉
@harshvardhanpandey7608,"Bro best part ""processor"".........😂😂😂😂😂😂"
@thecreator9828,Gajab bhai😂😂😂😂
@XFORCE23,❤️
@cybertronyt2430,1:7
@ffgaming-gb7kg,Heey bro my name is pankaj 😅
@Hydra.69,😂😂😂
@Vishal7Prasad,This is my type of Video ❤❤❤
@ssgamerz2008,W AYU COLLAB
@Rishabh_dawre_7,😇😇😂😂
@ZAZZLE07,J baat 💥💥💥👊🏻
@vansugaming6764,Win auu
@atkishchaudhary3354,Episode 2
@gamingboys-n5k,Opacsf
@Unavailable9625,Magar Pankaj kyu🙂🙂
@KPIEBTSARMYFOREVER,Where there rg bucket 😮
@shaikhahamed3114,Not your type never disappoint
@VipinMishra-rz1vo,my name is tarun 😂 and I am from Bhopal
@badmosh_supp,Not your type maaje aagya ❤❤
@ladkunwarpanwar9274,Where is ruchitroo' s coment 😂😂😂😂
@surjagamer4085,Very anwsome and funny video 🤩🤩
@AdolfHitler-Jewish67,Ooooppp best collab 😂😂😂
@Akshayofficial6281,10L me 1L likes really only Notyourtype can get this ratio.
@IMPOSSIBLE1760,"I am from bhopal but I subscribe not 
 Your type ❤😂❤❤❤❤❤❤😂😂😂😂😂😂😂😂😂😂😂😂"
@yourbroanimates,Op ayu bhai
@rakeshmahar410,❤
@itz233,Win ayu
@Storytime6v,Not your type is oppp
@Shobhitgupta24,"Tau ki aankh, Dhoom machale kya dialogue hai 😂😂😂 ishe toh Netflix special Kara do 😂😂"
@Shobhitgupta24,Ek dum veg video hai ki salad samjh kar khaa bhi sakte hai 😂😂😂
@kidsgaming432,Very interest video
@dilpreetsandhu4995,🤣🤣
@roshanyadav2078,Sniper ko patthar fenk kr maar Diya😂😂
@raghavsingh1852,Bhut tyt
@harishchoudhary1016,Password is 101 look at the safe
@navedmalik-rw3sx,Pls make the part 2
@abutalha162,"1:30 ""Ye to 5 se 7 yaha pe maths ki tuition lagti hai""😂😂😂😂"
@SAYANHEMBRAM3537,@vh Guetta
@Janamokasathi,W ayu callab
@nishikeshdeka151,Password 101 👀
@suvigyamishra2003,@NetflixIndiaOfficial  netflix india pe stand by me 2 available hai par stand by me 1 nai hai!! Ye kn sa processor logic hai?
@blackninja7948,NOT Your Type you make very funny video 😂😂
@Luxusjadeyt,W ayu nice
@gamingwithx1199,Not your type op...
@lokeshgupta4361,@notyourtype op
@justfeeltoheal9332,🤣🤣🤣🤣🤣
@anii4882,Not your type is legend ❣️❣️
@aaliyaparveen4383,🎉🎉🎉🎉
@pratikrai5288,Bohot tagda banaya hai bro
@alphahadi8210,"BEST COLLAB EVER
ONG!!"
@pankaj9262,Mera naam bhi Pankaj hai
@pankaj9262,Pankaj nahi yaar
@faizan78r,Bakwas kuch bhi😂
@ManhwaReaderb,🎉🎉🎉🎉🎉🎉 congratulations 🎉🎉🎉🎉🎉🎉🎉🎉🎉🎉🎉
@nathingeditor,😂😂😂😂😂❤❤❤
@ayan_khan_xstylish3085,Bhopal or chattisgarh 😢😂❤
@RushalTiwari-vx9ke,Omg 😱  not your type family
@2wArmyff,I love Netflix 😍
@incrediblejava,"Pankaj : ""papa""
Papa : ""Et tu Pankaj"""
@SUJALLEGENDGAMER,NICE  VIDEO
@SUJALLEGENDGAMER,"Op❤❤❤❤❤❤❤❤❤
❤❤❤❤❤❤❤❤❤❤
❤❤❤❤❤❤❤❤❤❤"
@bhartichaudhary2051,This animation 😢😢
@AtulNagle-q6s,They're money heist are bast 😂😂
@SUALEH_16,WHAT THE HELL
@fytfuy6,Love from chattisgarh ❣️❤️
@Arjunnnoo7,Bhot bhot dhanyawad bhai chhatisgarh ka naam lene k liye 🥰🥰🥰🥰
@itstarun542,Zotato 🍠
@11thstudentz,"""Never expected"" ✨"
@xumer_hayat,The best comedy vid ever i have seen
@xumer_hayat,Bro i literally enjoy this vid as hell😂
@xumer_hayat,Bro u deserve 100000000M views
@rajthakureditz1982,Tumbnail se pehchan me agya ki @notyourtype hai ✌
@R.Vmotion,Damn! Hilarious.😂
@lipsicalboss2495,Ciao🗿
@techkond,Best story thi yaar😊
@HideRoaster1419,toooo funnyy🤣😂😂
@dualnubs4663,Jebkatra Processor 😂
@GOYO_1,Nyt be like- jalwa hai hamara 😂
@hydramess10,Deepness kaha h? Jaisa normaly NYT ke vdo pe hota h
@aaryajadhav2777,not your typeeeee🥺🥺😭😭😭❤️❤️❤️
@naitik.forsure,It doesn't seem not you type animation lol  🫠
@nm_gaming1,RG Bucket list crying in corner
@Dakku_jerry_xo,Processor mast plan banata hai 🤣🤣
@chillpeace0.11,Himachal wale like kro
@Dakku_jerry_xo,🤣🤣🤣🤣 spelling likhni nahin aai chooti fail 🤣🤣🤣🤣
@1nonly_REXXY,This is original series guys
@debashishrabhapam6168,NYT ❤
@Dakku_jerry_xo,Not your type congratulations... Maja aa gya. Suggestion hi aaj  aaya.❤❤🤣🤣
@pankajnayak5775,Bro 🥲 tujay Pankaj name hi Mila kya 🥲😅
@bystandermee,W AYU
@ReFLexOp02,Op bhai op boom bam 🔥❤️😂
@PankajThakur-fu8pj,Bhai mere naam par q😂😂😂😂
@chhabikumar6871,Hamara Chhattisgarh bhi money heights mein Shamil Ho Gaya  🤣
@bhanupratap9558,Love from Himachal 😂😂❤
@subscribeMeFor_SMILE,Congrats to NYT 💖
@sahilsayyad3707,Ruk na shembde😂😂
@ashachoudhary4769,Ab lgta h money heist dekhna he pdega ☠️😂
@king-wj8lt,Op Collab 😉
@Neophyte_me,Damm! This Collab 🤠
@ohooooo321,ohhh bhai comgo
@sanskargaherwal5333,Amazing collab 😂😂
@PSZGAMINGOFFICIAL,Nyt 😮🔥
@anjumkhan8804,What a masterpiece ✨✨✨
@visheshupadhyay1540,Pankaj op!
@CRRUPESHKUMARJHAUR,Not your type ❤
@Guddu_goodboy,Bhot hard na bhai❤😂
@ishwarighadge3300,pro NOT YOUR TYPE OP
@VILLIAN93,Chhattigarh like Karo bhai
@iampriyapetu,East or west not your type is best
@mamtajoram,"Apna bhai bada aadmi ho gaya
😂😂😂😂😂😂😂😂😂😂😂😂"
@sifat0518,Password 101
@androgamer5593,The best Collab ❤️
@mulaeians_edition,5:11 🥔🍅
@mustakinakther9191,Twist op 😂
@hashinzouchiha5941,Lesssgooo not ur type bhai
@mastertechtube,Wooooo
@showtime2985,Chad Not your type
@ashutosh0848,😮bhaiii nyt ki zindagi badaldi ❤best collab🎉 congratulations Ayu Bhai aka nyt😎
@Virat-sy6vi,Love from chhattisgarh 😀
@longrikrooooooo,Not your type ❤
@hitenprajapati8810,"Bro Netflix ko kya zaroorat padi not your type ko video banake apload karne ki ? Samzre hona Netflix ghaatey my chal Li hai 😂, n 2nd video CRAZY XYZ KI bhiiiii😂"
@doctordas3382,netflix's simple but smart idea : popular youtubers pakdo aur collab kro.
@AHON952,The most unexpected collab
@INDIGO_12311,Nice 👍🙂
@Narciguy007,not your type badass
@Hollywoodshortvideo73,4:06 when creeper exploded front of bed rock 🤣🤣
@Amitsourav3724,NYT ARMY like🙏
@Pratik_099Notfound,Win ayu
@LoneRider-1479,Win AU
@Gamer_bro_97,Not your type fan 😮😮😮
@theRachitroo,W AYU COLLAB
@srijeetbanerjee3603,❤❤❤literally awesome!
@santanudas1292,@NOTYOURTIPE
@santanudas1292,@Not your tipe
@lakshay4201,"Not Your Type, Bhai chaa gaye. ❤"
@lakshay4201,❤❤❤❤
@EagleArbaaz,😂
@ArtistDhruvnankaniOfficial,"Not your type ki public 
ATTENDENC LAGA DO"
@CasualCraft,Ab to subscription lena padega 😅😅😅
@bluemonkeyiscoming5028,Why is the animation so weird i mean why are there stick figures nyt style nshi tha lol
@MagicMAN-i7c,Part 2
@dhavaldamor9048,Bhai kya bat kya bat Netflix sath colleb
@Mohitsharma-mq6cd,Netflix best collab with not your type ❤️ i like not your type videos i love you bhai 😂😂❤️❤️
@Her_blackyy,"Finally! Netflix Collab with most talented and hard working
Our not your type 💜
Love you we always support you 💫"
@chanchalchouhan5284,Chhattisgarh❤
@ytshorts4487,Script Is Next Level 👍
@ruplalyadav.,Money heist always very femous webseries.        B
@zephyrtanish,'Not Your Type' Gang here 😎
@mayurvarmora,This is cool and op🚀🚀🚀
@mishyashsoni9270,Processor 💀😂
@AVINASH-AGARWAL,Kon kon not your type se aaya hai ( like kre )
@AVINASH-AGARWAL,Kon kon not your type se aaya hai ( like kre )
@mansysharma1254,❤
@pintupatel8391,Aayu never disappoint
@_Ajar,Hardy bhi Netflix main aana chahiye
@firdaus427,Yc yc Bank 📈📈📈😄😄
@Futuretalk88,Netflix luck he jo NYT ne collob kar liya😅😅😅
@prathmeshgavad6284,not your type and angry prash are two legends of this world for me and they are so chilled and cool ❤
@shavezsid0746,YC YC bank ka full form kya h 😅
@Kakarot_ssj_7,we waiting him on his channel and he was there 💀💀
@shavezsid0746,2:03 Mumbai Traffic + Auto riksha me kon chori karne jaata hai🥲vese Indian money heist se yahi ummeed thi😅😅😅😅😅
@Dancingbubbles007,Jskksksksms
@InnocentOg1,"RIP Pankaj ka Baap😢
You will be missed forever."
@tonmoynarjary905,😂😂😂
@tonmoynarjary905,What a guard
@जयदेवनागर-ण3ष,Tarakki😂 God bless you bhai❤
@Icarusyt_307,"❤, seeing your success"
@klawpaw97918,Zatato😅😅😅 bike buuuuuuuu!
@rnmelegaonkar5738,Password 101 tha 7 vi fail
@subratadevroy7901,Processor 😂😂
@fardeengangster1659,Netflix per kyon Dala😢😢😢😢
@mrrajput4151,This story is copied from Gorrila gang movie
@mrrajput4151,Himachal name hit different
@coolgamingtime5167,1:16 best part 😂😂😂
@Itss_okjordannn,That 499 is worth it for me as long as you as you guys keep pumping out quality content like this.
@FunTIyooh-,Password lol 😆😆
@Pankajdev.,And I am Pankaj 😅
@Yashdeepverma18,Love from bhopale uffs Bhopal 😂😂
@subscribe_karkekidnpkarnewala,Me Chhattisgarh se he hu 😂
@anubhavforall,Really appreciate the Creative Team for Netflix India❤❤❤
@TanmayJadhav-iy6ie,We want more videos of not your type  collapse with Netflix❤
@upgradetobig4458,I am from pakistan but literally you did a nice job hats off to you guys
@hiteckhari,"Is 
   Vajah
              Se
                   NotYourTYPE
                                          Ki 
                                             New
                                                    Video
                                                             Nahi. AAYI"
@rojoroj9777,Bhai netflix ka nhi apna prachar karo bahut tariki karoge
@Rudreshpavaniya,Kya iska part 2 aayega ?
@tarun_joharwal,4:37
@its_subhojit,Who wants season 6 of money heist .....
@sangeetasinha4979,Itna vegetarian video tha ki salad bana ke kha liya 😂😂😂😂
@bullah1059,Chhattisgarh... 🤣🤣🤣
@paritoshkumar4790,Ayo Big Move NYT
@sanskarsharma1138,Bhai spoiler de diya tune money heist ka .......... I literally hate spoilers man
@realxgaming2453,I'm from Chhattisgarh raipur 😂😂😂 unexpected ❤❤❤
@sandeep_k.,Amazing disclaimer 😂
@Trishalshett103,4:47 damn😂
@ZAHEER_KHAN_CREATION,शेमडी
@totalgamingbiraj8450,😁😁😁 mazaa aaya
@vkgamezone4290,I Want second part this video ❤
@vkgamezone4290,It's very nice Amazing and Funny video 👍🤣🤣😂😂 Good
@rudeverse,Bahut Badhiya 💕 brooooooo
@LuckySingh-jm8wy,Mehent bolte hai @notyourtype
@俺はkokushibo,This is the Collab we never asked but we deserved.
@trickyofficial13,Last story twist was from the movie mankatha man
@HarshitKawdee123,processor intel ka tha ya amd ka ? only pc community can understand
@EDITHAI-uz5xh,This collab and the climax twist was unexpected 😅😂
@Arjaswasingh,Rachit is live now and seeing this master piece
@alokshukla4518,1:15 processor 😂😂😂
@ankitkasana7712,Not  your type lov u bro ❤️❤️🔥
@ShrawanYadav-uu8pk,🔥
@yashwardhantubid2581,I guess Netflix should make money heist india just like south korea how professor heist royal pint of Spain same with India's RBI 😂😂😂😂
@MewMystic0,apna not your type to star bann gsya
@badboy-gr3hl,Thank you Netflix for made his video with Not your type
@snigdha_k,The best Collab ever
@nareshkalaskar83,Password 101
@ShashiKumar-nq1cu,Nice from  not your type fan❤❤❤
@deatheaterfun3071,rizz
@aayushshinde5827,True growth
@sumanjha3576,Netflix x Not Your Type = 🔥🔥🔥🔥🔥
@MohitKumar-xw6vf,Please make a indian money heist with different story
@sahuenterprises122,Finally Collaboration with not your type
@tusharvarshney1360,Amazing artwork ❤
@amanbelodhiya4223,Kon kon chhattisgarh se ho like karo 😂😂😂
@amanbelodhiya4223,Kya funny video hai 😊😂😂😂😂😂😂
@zoul22-s,Nyt Bro kitna paisa mila? 😅😅
@chandrikaseth810,Really nice work 👌👌 listening the name of Chhattisgarh.. is making my day 😃😃
@stealth3606,When is said chhattisgarh😊❤
@Ashoksingh-ie6wf,Not your type ka sense of humour next level hai 😂😂
@michaeljoseph1101,Bhople 😂
@kashyap_ayush,3:31 🤣🤣
@saritaprajapati7875,👏👏👏👏😂😍
@saurabhyadav1523,Love from chhattisgarh ❤
@ridaansari8001,Chhattisgarh ❤❤😂
@tunenation1940,🤣oo Bhai sab....hasi Rukh nhi rahi
@Prashantjadav01,Proud moment ❤❤❤
@bishowghimire3570,Gives hives of money heist
@gravigamingaf,Password 101 😂😂😂
@gravigamingaf,Zotato 😂😂😂
@rohitpadale9751,3:17 😂
@hpstromx5873,Me after watching this video:- destroyed with in second 😑
@rittikrittik3142,😂😂😂
@Its.toji329,Op
@zanedandsouza,nyt lessgggggoooo
@zanedandsouza,i died bruhh 😂😭😭😭😂😂 aye shemde ruk re 😂😂😂😂😂
@wronggaming17,Ab smja ye nyt ki video kyu ni aari thi 😂
@noobxarmyyt01,@NOTYOURTYPE is bhadmunji ke ne yaha bhi bhasad macha di .. full ha ha video 2 hath jodne wale emoji
@himanshushekhar7919,Well done @NOTYOURTYPE WE ALL PROUD OF YOU
@OhooProduction,bhai new video kab aayegi
@OhooProduction,Big fan of not your type
@Doofus_Ham,Netflix's collabs are always the best.
@gamingwithlegend3609,Not Your Type '' BHAI  AAPKE  CHARAN  KAHA  HAI ''
@sanatntv,Op😂😂😂
@raisinghsingh2744,Not your type fanclubbb
@vishalkashyap5_22,3:07 Bhopal or Chhatisgarh 😂😂😂
@riteshkumarsahu1,Love from छत्तीसगढ़ ❤
@ayushvlogz-j7e,Collab with rgbucketlist
@aronyabiswas00076,Not Your Type Papi ❤️
@Akshay-fy2ku,Love from Himachal❤
@ISHATOON,Not your type my favourite 😂😂😂🎉🎉❤❤❤
@sabbi057,Love nyt❤❤
@kistugaming2726,Not your type❤
@harpindersingh1323,"salad 🥗 smujh ke kha suikte ho 
 best one"
@anuragtiwari904,😂😂😂😂
@rockingsuru,🔥🔥🔥😂😂❤️❤️❤️
@JunaidKhan-em9oe,Processer ke account m transfer 😂
@prabhusurwade3797,Most deserving collab ever ❤️big fan not your type
@victoryMindset07,Love from chhattisgarh 😂❤
@rider125,Prosessor 😂😂
@chionophile2111,"This is what we wanted, Thank you dear Nyt and Netflix ❤"
@dawasuniqueworld2388,Who wants a Not your typ Wednesday Adams 🤣
@ramchandrashendge5680,"Can you collab with rg bucket list ,angry prash and hard toons"
@taki_chan_edits,😂😂😂 bhai 🎉
@realyash1993,😅😅
@lekh1605,Love from chhattisgarh
@rakhikushwah3610,😂😂😂😂😂😂😂😂
@jalasingh2130,Rg p
@xdangergames1203,Are Ruk Na Shemde Line Is Op 😂
@themadtitanx,Ayu is the best.
@641gmial,Veg sahi hai noveg maja nahi aata hai
@SpectraBloom-p9l,Proseccor 😂😂😂😂
@Hardiik_sharma,♥️♥️
@anjaneshbadiger392,Procecer 😁😂😂😂
@mamakhan9151,Not your type buys Netflix 😶
@Musi6715,I can believe it! Netflix did collaboration with Not Your Type. It's lit 🔥.
@alonenirdesh2281,Processor 😂
@bhagyashrimandhare9955,This is very crazy l love it 😂😂😂❤❤
@satyamsagarsahu,Not your type fan forever
@royalknightpganimetor,ye thodi thodi banck chor movie jesi he
@ankitsakhare4420,😂😂😂😂
@ChikunRuOne,😂😂😂Really Appreciated
@karanmalhotra8598,Prosessor 😂
@aliahsan9619,Yoooo madt bhi ayu
@gurrijawanda1261,Ek aur dalo aisi video❤❤❤❤
@victorkr4118,Netflix should make a series or mini-series with creators like NYT. It would be original and wholesome rather than shitty content.
@renison2797,Superb video 😅❤love @notyourtype
@shamboghosh630,Lol
@shubh_____1428,Himachal vale reply kro😗😗
@jeekakrishna,really gld to see you fearure on Netflix...i have been following you on this for 2 years
@jeekakrishna,amazing
@usmanM-fs7rq,NYT x netflix legendary collab 😮🥵
@being_adult,Himachal😂❤
@LEON-X777,COLLLAB WITH BBS 👑
@candlelight7064,Not your type is the best forever🎉❤❤
@cartoontv561,🎉Not you type x Netflix ❤ 🎉
@pathronyt3854,NYT × NETFLIX OOO MY GOD
@animationwithdark2,Hello ❤️❤️🥰🥰🥰🥰
@AnmolYadav-qs7ov,Bhai ahi gaya Netflix pe love you brother we will keep supporting you❤❤❤❤
@rahgir_2059,Bsdk mera naam Pankaj hai
@Litereels-ok,Love from Chhattisgarh 😍
@savouryrides,Bhopal as bhople😭😭😭😭
@Little_Swagger,😂😂❤
@Little_Swagger,🎉🎉🎉🎉🎉🎉🎉
@krishnajoshi3379,Notyourtype apni hi story hi suna raha hai
@yatharth_Ed1tz,❤ mange more sir ✨✨✨✨✨✨
@ritikraj9700,"Real money heist is here only, and in this video we got a new and smarter professor than actual Money heist 😅"
@patel2k27,1:58 I am Chhattisgarhiha
@zaidy0Roshan,Not your type army😅
@quickreview970,Bsda bana deta. Tou sure maza sta😂❤
@Sarhanvlogs2025,thes2 plz watch this
@zaidbhat08,🔥❤️
@savipawar4497,❤❤❤❤❤❤❤❤❤❤❤
@vineswithrj,Bhai mst ❤❤❤🎉🎉😅
@hiakofficial8180,Not expecting this collab
@taimoorahsan6120,Better than money heist's latest seasons
@amanpreetsinghgandhi8507,"Twist Op...
Never Expected This Collab🥵🥵🥵
NYT X NETFLIX We Need More"
@rohitmandavi7226,"Are apna chhattisgarh bhi h isme 😅😅❤️
.
.
Ek like apne chhattisgarh k liye ❤"
@ORCARides,"Ye dekne ke baad money  heist ghanta dekhunga mai , na bhai acche mood ke tau bhen nahi karni"
@joydipchoudhury3227,সেরা
@Tarabhaipharaga,Gandh far oph 🤣🤣🤣🤣
@kunalthakur6398,🎉🎉🎉
@junaid1675,Kitna Paisa Diya Netflix ne
@ranjitdey-qi3ok,Not your type ❤️
@hussainakhtarwahid,this was better than the final season
@nightinsaan7332,What a story😂👏💜
@gulshankumar01,Big fan ❤❤❤
@BENZ_OFFICAL,S____be me 😢 su___t me
@pakya_Bro,sale mera naam hi Pankaj par mai eak chor nahi programmer hun twist ye hai ki mai 13 saal ka hun
@Clueless_gaming_7,"Collaboration ❤
NYT x Netflix 😍"
@funnygameplay1236,Bhai me chor nhi hu🤣🤣🤣🤣
@haran9296,Uff 🤣
@sidk8302,Netflix is creative everywhere.
@bucket290,Aj birthday hai
@bucket290,Netflix pin karde birthday hai aj
@wowali-bs5cx,I Rajni can't believe this 😳
@vebhuuu,NTY X Netflix❤
@Pablo-og,"NYT , Youtube to Netflix long journey bro ❤"
@jack27nikk38,Better than chota bheem
@anishabanu6029,Not your type is the best
@RahulSharma-ow6me,THUNIVI X Money HEIST
@blackdragon-yk1yt,❤not your type yhan tk aagya proud vala moment ho gya ye to bro🎉🎉
@pawangrewal195,🤣🤣
@sunitasaini736,4:54 is epic
@Those_Memorable_Things,Make more videos just like that ♥️
@Yoursenior07,@not your type 💓
@cateyegaming4834,"""Not your type"" never disappoint"
@movie_matrix,Netflix intro sound never bores me.
@professor8880,Money Heist is emotion ❤❤
@zarakhan1685,NYT team ❤️
@kanhaiya8019,👌👌👌👌
@viveksingh1221,🤣🤣🤣🤣🤣👌🏼
@padmaarya5104,3.19 was the best 😂😂😂😂😂
@manishadas1546,This was so unexpected I'm so happy seeing this 😭💗💙
@ArjitKunYT,Only Artist can notice This video is not Animated by Not Your Type. 😎
@hanumanthabarikar4853,"Whoa!
The script, animation everything is fabulous 😍🤩"
@gaurav_someone2525,Bomb se bhi locker nahi tuta low quality ke bomb ka natija 😂😂
@atulrajdhawan8736,"rip off >>>> original 
NYT never fails to entertain us"
@sahilshaikh6113,This rickshaw wala is also funnyy guy elements
@himanshuroy7075,Big fan yrrrrr like ❤❤❤ufff
@its_trident_07,"Hats of yrr 
Great work ❤"
@pankajraghuvanshi5333,😶mereko khelna hi nhi he
@coco_01-29,the way he pronounced mumbai felt like someone got roasted indirectly
@prolay_saha_6883,Big surprise to see not yourtype collab with Netflix 😍🔥
@UK01Gameing,Thnx Netflix for this collab ❤
@sahilshaikh6113,This guy is pure comediyan  never disappointed 😂😂😂😂
@Remzzy,😂😂
@vaibhavdas8467,Not your type has gone so far
@e__a__g__l__e__here,POV :- When Oggy ordered Money Heist 😂
@blackfury4567,Sahi hai 😂
@jyotikathakurjyotikathakur2433,♥️❤️♥️❤️
@mrhacker9801,Kab ka dekha😒
@purabsaroj4056,Wiooooooooo!
@rahul90481,4:02 😂😂😂😂😂😂😂😂😂😂😂😂😂😂😂😂😂😂
@ShekharKumar-lz5gw,Awesome...mja aa gya😂😂😂😂
@gamingboy5303,Not your type zindabad
@dodiddone6547,Mujhe to laga tha ye banda mar gaya
@pajn,Sens of Humour was God level XD
@ravibaghel1705,Love from chattisgarh 🤩
@hbmovies4896,Bhai nyt❤️❤️❤️❤️❤️❤️
@aachal18,"Salad smzke kha bhi skte hai 😁❤️
NYT forever ❤️"
@comedykigoli69,1 nombar😂❤❤😅
@shivamchaudhary5007,Bhai aag Li one of the funniest video of nyt
@anonymousquark,We need more nyt.!!!!! Amazing collab
@Uchiha_Akash,Awesome 👍🏻
@prakharmishra3454,Awesome not your type
@1Vyom1,Best part 3:44
@rryschan,so proud of NYT
@Maihuyovan,Love from himachal
@mayanksanspal,Love from himachal pardesh....😂😂❣👍
@Tanyfx67,Fun fact - This video upload not your type channel to not your type 1m views in 1day
@bideshsarker8182,Oasam
@riyuk3782,Chhattisgarh 😁👍
@Mr.boldprediction,😆 😆 😆
@Heydear-cr7,Bhai ek dum hahaha video
@mahendrabasalc2659,Not your type fun level ultra pluse 💎🙏💯
@asp6250,NYT AAYU ❤
@gargeebeyondthinker3974,I'm so happy Aayu made a colab with Netflix<3 not your type forever>>
@amanrai5532,Nyt is best🤣
@legendarygamingff6559,King of web series Netflix India x not your type =masterpiece 🌚
@Rocks_roxks9,Himachal Bhopal 🤣🤣🤣🤣🤣🤣
@rohansharma8712,Wah yr
@nasrin_05,Ayu it was awesome ❤
@MissAlphaTv,Thank you very much for your love and respect guys 😍❤
@maddy.957,😂😂😂
@nasrin_05,Not your type is totally my type ❤❤❤❤
@akanksha4627,😭 proud of you @not_your_type
@rowdyff4975,Chhattisgarh❤
@iamdipu02,🤣🤣
@sumitsaini1221,Bank Manager to NYT - Lunch ke baad ana 🙏🔥
@Esocial002,Chhattisgarh wale like kro ❤
@pratiksonune588,😅😅😅😂😂😂😂😂😂
@kittu8825,Broooo i have never laughed this much in my entire life😂😂
@its_meSuhu4509,"the collab that no one expected but everyone deserves. 
INDIANS YOUTUBERS  X Netflix ❤😊"
@Aditya_Kumar_Vishwakarma3453,Wow
@khaledff90,Super duper❤❤😂😂😅😊😊😊
@opstrux,I am thief? 😨
@shayanahmed_XD,Best maza agaya 😂😂😂
@laxmanpatel3196,Omg chhattisgarh 😂.. thanks for recognising us
@crxinteractive,Netflix India Very Good Collaboration NYT×Netflix❤
@rohitrow6566,Awesome 😂
@newmail1173,Not your type always on fire 👻👻
@aarushsingh1603,I started watching him since he had 4k subs now he has above 2 million so happy to see
@rajshah6581,Only legends know that bomb sound was from Minecraft TNT sound 😂😂
@NobalSahu,My favourite youtuber is here 🌞❤️
@mananjain714,3:18 had me rolling bro!!!!! 😂😂
@gkstatusworld9998,Love from Chattisgarh ❤❤❤❤
@GyshanAnsari,Congratulations @NotYourType
@noobro0.2,Chhin dhum machale dhum machale kitne gande dialogue 3:00 😂😂😂😂
@vikiroy7411,😂😂😂 bohot achha hai
@Rahulplayz200,Nice 🔥🔥🔥
@lifeandbakebyhazul,Wow
@parimal00,I'm not here for Netflix.....but for not your type ❤
@arunkhanger9086,Kya thakalli video gai
@harshitmaravi639,😳😲🤯 Awesome and unexpected
@memory__14,Hahaa it was fun to watch ❤
@SumitKumar-tf3qu,Mubarakho bhai
@shinchanthuglifememes9822,Love for Himachal
@Spideymanjhi11,Chhattisgarh se ham h bhai log 😅
@whitepanda583,@notyourtype best work ❤️
@Pcm470,Bhaisahab bhopal kr chhatisgarh was epic bro. Awesome
@Abhishekk-jt6oj,4:04😅😂😂
@SasukeUchihaop,ㅤ
@Art_by_Anmol,Moral of the story - once a jebketra always a jebketra
@shreyash46007,Ye bhadiya tha guru
@Anukul-003,Areee bhai ye creater kaha se idea Lata haiii yrr
@Pankajsharma_12123,😓😓
@AnimExamv564,Mojjjjjjjjj kardiiiiiiii
@spiderno42,not your type is best
@pankajmeena5027,Mera nam hi Mila 😅😅😅
@shehri1122.q,Not your type best❤
@superanime7006,Finally not your type made it 😄😄😄
@vijaybhosale3340,haaa haaaa haaa haaaa
@D4KSH2k,Processer 😂😂
@dangerzone302,Gajjb
@Caratfirst,Ab Netflix famous ho gya hai 🥲 bade logo k sath Collab krta hai yeh
@VAIBHAV999LIVE,😂
@mehek0198,Itna jyada veg and hari bhari video🤣
@VAIBHAV999LIVE,😂
@SwastikSharma6569,"bro went from collabing with Karan animation to making a video for Netflix, This man had come from a long journey, Love you 3000> NotYourType :) 💖"
@siddhanttelgote9970,Not your type family is here❤️✨
@Raghav_24,This collab was epic
@mehek0198,Kanpati pe santi is my fav🤣
@Sunshine-jk9xd,U deserve it bro !
@abhinashmahato4019,What a story
@mehek0198,Such proud moment for all not your type fans♥️♥️♥️much more to go....
@nikhilsarraf2987,Like who's fvt scene is 3:18 😂
@badolashrafi,Auto wale ne beijjati kar di 😂😂
@tharun5956,Tarun 😍😭🤣🤣
@jeetdas3446,"Bhai Really proud of you❤️
From 3.9k subs( when i subscribed) to Netflix ke sath collab❤️❤️😘"
@kevlerYT,Not your type doing very well🤓
@kevlerYT,Yai yai🥲
@ashutoshtiwari3788,😀😀😀😀🙂🙂😃😃😄😄😁😆😊😊😊😊😊
@Sae-IX,😂😂😂
@TechLiveFact,Like those who are fan of money hesit 😉😉
@cre3st.,This guys breaking the internet
@indian-cs1.6android31,Jai Not Your Type Devta... 😅😂🖖
@thengal2008PPT,Not your type oppppp👍❤️❤️❤️🥰🥰
@HADE_TO_FOIR,Love your video and your voice ❤️❤️
@falling_ladder,"If I had a rupee every time a youtube animator worked with Netflix I'd have two rupee, which isn't a lot but it's weird that it happened twice"
@HADE_TO_FOIR,Bast fani video
@uniqueaman6656,"We wants more vdo form NYT 🤩🤩🤩🤩🤩
Pizzazz 🙏🏿🙏🏿🙏🏿🙏🏿🙏🏿🙏🏿🙏🏿🙏🏿🙏🏿🙏🏿🙏🏿🙏🏿"
@adityaaryan9372,That manager scared in speed meme😂
@Absh-cj4nq,NYT X NETFLIX
@backbhanchervolg8389,Not your type ☺️😜☺️😜❤❤❤
@ShivamYadav-uz9ji,Maja aa gaya 😁
@yashkush8,Better than original 😂
@hacker57,Mjja aya
@i.f1547,Processor should upgrade to snapdragon ✨
@pui4679,Missed Bella ciao song
@x-raytechnician4197,"Love u not your type💖 
Not your type zindabad"
@GAMING-ite,wow?
@arshdeepkaur8069,Netflix pls peaky blinders Hindi dub kro
@jashanchouhan4423,I never expected end like that 🤣🤣🤣🤣
@anshastu,That's why he was not uploading for several days😂
@amolhihu,Dhoom machale Dhoom machale 😂
@studypoint5253,yaaade taza ho gayi
@ayushtrivedi1153,😂
@nitin2295,0:42  : pols aa gyi pol😂
@arnabhalder0,Finally Someone getting some attention who actually need ❤️❤️
@sanskarpatro3171,Ghatiya animation mast aawaj
@dalabhaichaudhary8718,Not your type 😚
@TRM_06,Vot for part 2😁
@Selfishrishi,Laughing my ass out! 😂😂😂😂
@Aakash_Pathak,Still better than Bollywood movies 😂
@DS-wo4ji,This is definitely my type 😎
@TRM_06,Bhopal or chhattisgarh tum teejori to-do 😂
@thedawn21,"Part 2
And do collab with RG bucket list....also"
@anish9088,😂😂 processor
@Isz_mee,This Collab is unexpected😍😍😍
@kakashi7484,Lagta iss bar not your type ko Netflix walo ne script de hai
@Sarvesh55,His growth💓😘🔥
@KAMAL_RAJA_EDITS,Not your type legend 😂
@KAMAL_RAJA_EDITS,😂😂😂😂
@neffexgaming9895,Maza aya or ye pure hindustan ne Lena chahiye
@whitebeastunless5721,Netflix you better not talk about original
@yaminokami19,legend
@mr_sankya__24,Nyt huq se ❤️‍🩹
@berlin._.O232,First gang🖐️🖐️
@chandan04239,My favourite shows ❤❤
@newXmorning,Veg aur hari bhari😂
@MikCool12,"4:07 this part is so funny 🤣🤣🤣🤣🤣
Password is already written on walll"
@kunalkishor1928,😂
@chhavisparshi3244,😍😍😍😍😍
@musicmerijaan007,Bhai yo kya dekh liyo @Netflix India aur @NOTYOURTYPE collab dil garden garden ho gya apne bhai ko dekh ke !!!!
@AyushKumar-fx2od,DAM broo nice nice
@ayanart8763,We also deserve rg bucketlist x Netflix
@abdullahqasim4970,NYT X Netflix
@zareenashaikh5680,Nice
@cdgroup2631,Next Level Comedy 😂❤😂
@RAMANUJ777,😂😂😂
@mrunknowngaming1940,Just awesome
@raghavbidua1951,We want S06..........
@hackergamingop81,Money heist is love 😘
@BabuAllrounder,Still better than money heist
@senokvlogs,Netflix and NYT OP
@kumarsatyem919,Love this
@MrZrx888,Best
@RIO00662,Not your type never disappoint us🤣🤣🤣
@kardibomjen94848,Not your type team always wait to see nty vedio and nty now in Netflix .very nice vedio BTW.
@jaydjadhav,funny heist
@b7gaming316,Gjb🤣🤣🤣
@prakashpandram6030,Love from chhattisgarh😂😂😂
@ĐŒŁĹ-u3g,"I am crying!!!!!!!!
NYT love you so much!!!"
@Alone_2054,😂😂👍👍
@asmayesminriya1383,It's a big surprise with big dhamaka 🤣🤣🤣🤣🤣🤣🤣🤣🤣🤣🤣🤣🤣🤣🤣🤣🤣🤣🤣🤣🤣🤣🤣🤣
@amal_momin,Maza aagya bro.
@BillionaireClub94,3:18 😂😂😂 most epic
@sesbruyt8940,After more time back
@pratikhiran5241,Dhoom machale😂
@adityaandytiwari,Badhiyaa😂💥
@shashankrajput2193,Not your type rocks everywhere
@skytaming,Cringe
@yuvigamingyt8700,I am from chhattisgarh ❤️
@chinmayks663,🤣🤣
@techblr,1:29 Are ye nahi hai plan 😂
@maxoultra5348,"Not Your Type's video script 
On Netflix: 🤓🤡
On his original YouTube channel: 🤯😱😳😂🤣"
@knowledgeablefact6850,Outstanding achievement by not your type
@darkrai_jod,Arre ruk re shemde 😂😂
@ShubhamKumar-dv9xg,😂😂😂😂
@dhrupsingh3738,Rip off
@gohan_124,Not your type ❤
@AYUSHJHA69,Processer
@kunalaasudani6844,original Money heist se bhi best tha ye 😂
@LUcious_Dbd,Money Heist leke mazak nai wo emotion hai..
@bgoodgaming8230,My channel name is I am albido
@bgoodgaming8230,Woo
@vanshansh4833,3:16 best part
@karmveersingh2816,Op nyt
@Tamojityt,So amazing super duper topper fantastic video
@moazamtheengineer1254,tat was fun
@aniketbeyond,Netflix giving chance to our favourite animators...love it
@RajeshKumar-np1td,The Collab we never thought of but we deserved it.
@learner070,this collab no one want but needed by everyone
@oggyyyt_2920,Rukna shemde😂🤣
@Mr_Samroot,Password 101
@alisharajput108,Ye badhiya tha 😂😂👍🏻 poore money heist ka recap mil gya 😂👍🏻
@kapilkataria1845,NYT✨✨💙
@GAMER-lq1pu,Nice video
@shubh9595,"One of the best collabs,
I was pressing F5 everyday, every hour for his new video and I got it on Netflix India Channel 😂"
@adxtri6945,"NYT finally getting the recognition he deserves!!! Getting reacted on by big YouTubers, and now a netflix collab! You go boiii!!!"
@Swarup-bhandari763,😮😮😮
@Savi_Palct1dh,❤❤❤❤❤❤❤Love you Aayu Bhai to famous ho gye
@trygerff6310,"Mere naam mein kyan buraai hain bhai mera naam pankaj hai 😢

Edit - mere papa ek custom hai central exercise"
@kritaboro,"""Not your type"" my favourite No.1 animator 🔥"
@nikhilkdewangan,Chhattisgarh 😂❤
@Saif_khan007,Bhai collab kab hua
@nagendraraghuwanshi8596,ek no... 😂😂😂
@golurajwade4827,Love from chhattisgarh 🙌😘😚
@omkarpathare375,@notyourtype totally deserved to get this 🎉
@edwardcullen1056,always best audio and video
@rahulsing3126,2:02 To 2:28 Best Ever😁🤣
@MadGujjuVines,Itni badi add😣😵😭
@saitamaonepunchman4681,Not your type is good team
@vishudancer8493,Nyt
@isaac.newton,"chori kiya rey
crazy kiya re🤣"
@king60003,Is real money heist worth watching ??
@Gamershahil-k2f,We want Collab with rg bucket list
@Mr_AV8,Money heist 🥺
@thedarkness-zh6bl,"Not Your Type zindabad, you f*king deserve it man 🎉❤."
@Mrfrenchfriesyt,1:16 was the best part 😂
@zeckclipi,"4:34 😂😂
My name 😂😂
Per kill bhe de ya😂😂"
@PixelPiratePlayer_9,Part 2
@yoriichi_tsugikuni_88,😂😂😂
@Fcgamersonu,Poor tarun 🤣🤣
@PHOENIX-...,Not your type op 😂😂😂
@Glowyamethyst,Processor
@n0yn.,Zotato tarun😂
@SparkImmortaLXD_2006,Tabhi video nhi daal rha tha bhai mera ohooo
@ANIMAL--00007,OMG so funny🤣🤣😂🤣😂🤣😂🤣😂🤟🤟
@SmartTVAccount-o5j,Now I know why his video was late to make us laugh
@MamtaDevi-km9nc,Is video ka topic kya tha 😂😂🔥
@yashpatel1077,Jisne money heist nahi dekhi unke liye bahut bade spoiler 🤣
@aryan_goyal132,Best Bhai
@Unknown_vibes_,Not your type g Mane genius 😅
@Sharkobrawlstars,Not your type kitna mila💸💸💵💵💲😅😅😅
@GuluGulu-kj2og,Bare bare sabdo me likha hai PASWARD is 101🤒
@saadsiddique7745,Not your type
@Unknown_vibes_,Thank you Netflix
@Unknown_vibes_,Not your type ❤️
@manohar7083,YC YC Bank 😂
@babitabisht987,Best comedy scenes
@roshmikagrawal,NYT × Netflix whattt
@RajatGoela,"love how none of those four wear mask while robbing instead it was on there back 
20000000000000000000000000000000 IQ"
@musaggak1122,Godd as always
@hoe-hoe-hoe2654,Bhai 🔥
@tanvivlog99,❤❤❤
@exposegaming1207,Innocent boy
@SouravDas-vt2sm,😂😂😂😂 bhai 🔥🔥🔥😂😂🙏🙏
@niomi333,Most favourite youtuber howlii ke papa😅
@raghavendrasingh7000,Chhattisgarh
@mohammedsufiyan9791,"Waiting for a very long time for your next video didn't expect for a Netflix collaboration 🎉😊 , you deserve this bro.."
@kunaljaiswar17,"Creativity,innovation and TALENT can't be ignored
Not your type is an example..😉

By the way, the video was amazing 🤣🤣"
@sushantpahwa7232,😂😂😂😂
@DYNA.MA_OFFICIAL,Muh todh dunga yede😂😂
@pnj369.,You diserve this brother not your type 🔥👑
@Iwillnotice,Pls colab with BBS also😁
@kookibts4493,Netflix found the best Collab !!
@sushantpahwa7232,❤❤❤
@rudranshjoyeshi,Denver was my favourite yrr kya galiyan bkta tga 😅
@SumitKumar-jw4vn,Like Dhoom 3
@abhinav.rawat19,Respect  🫡
@premrajthorat979,yo 🤘
@priyanshudas7596,1:57 Chhattisgarh 😂
@Blah_blah_blah_username,Omg
@dehhj,😂😂
@nikhilmalviya15,being from bhopal never thought anyone can call it bhoplay
@kaustubh_ramteke_07,"not your types best video is ""shamili me timse shaadi nhi kr sakta"" 🤣"
@thecastudyroom,Bhopale😂😂
@arshbuilds,awesome
@BhootiyaBachha,NYT 💜🅐🅡🅜🅨⁷⟬⟭💜
@ArnavArora-lq7ie,Close enough's money heist was better
@yugshukla1912,Not your type oppppp 🥰😂
@educationcomplex363,"Kyo animation ki le rhe ho🤒, bs isiliye india ka animation developed nhi h 🙄"
@arindamsinha2756,This was some quality fun😂
@freedomBoi,Bhopal Aur chattisgarh 🤣🤣🤣🤣
@surendrajaguri9266,Nyt op
@pankajmeharchandani1581,0:11 muje kyu toda 😢😢😢
@lohitrainakar4257,"Waahhh!!!!  NYT new videos nahi daalenge but Collab karenge..
Professor is Money Hiest but 
NYT is Heart Heist🔥🔥💕💕"
@raxz_99,super 💥
@SHIVAM..00690,Not your type never fail to make us laugh 😂😂😂  ❤️
@69DEADPOOL96,ayy Netflix collabed with ma boii NYT
@marwadieditor1,😂😂😂😂😂😂
@pranit_2.0,Unexpected collab! Ayyu bhai Chha gaye!
@skullgaming01-m7q,It's a symbol for Berlin😎😎😎😎🥳🥳🥳🥳🍾🍾🍾
@ASHISHVERMA-rs7ln,Bekaar
@abhishekjaiswal5632,Not your type bhai tu to famous ho gya
@BakRoaster,I did not lughed for 5 days but now it's 6
@extremeamazefactz8726,Fine
@extremeamazefactz8726,Op
@Vaibhavawiw,the best part of video 01:16  the proseccor🤣🤣🤣🤣🤣🤣
@ajjupawar,❤
@NYTNINJA98,NYT 4EVER😂❤
@RPTVByRUDRA,We're waiting for your video on your channel and what a miracle it comes on Netflix 😂
@ur_zeno_,🔥laga dii
@049ajeetrawat3,"TUMHARA sense of humor kafi acha hai, ek pura season bnao action comedy OPM type"
@sahilislive6646,Processor 😅😂😂
@Vilusk-hs2nf,Not your type😍
@tarunsuryavanshi2281,Your zotato boy 😆
@Matchdaymania12,A well deserved collab bro ❤️
@yashm.p514,"😲😲😲😲😲😲😲😲😲😲
Finally waiting is completed..."
@Atish0302,Well that was an unexpected ending 😂
@NINJAGAMER676YT9,Watching not your type from 10k subscribers💛🔥❤
@shyamlaldubey6081,NYT from 0 to netflix u just deserve it bro and more and more
@GlamRushfashion,Buhut funny
@Abhi_says,@NOTYOURTYPE
@nishagupta.ng16gupta21,Only came here for Ayu bhai
@BlairCipher,Bro I am watching you since you had 17k subs and your videos keeps getting better and better
@Shiva_X_Thenic,Kaha se kaha tak aaa gye bro Netflix ooo hooo
@संस्कारी.मिमर,what if @rgbucketlist Collab with Netflix India ? 🤯 @netflixindia @pufftalks
@hard_rohit_,NOT YOUR TYPE MAKING VIEWS BRO
@semi_malik,NYT x YT 🔥
@supercars2.069,please pin it NETFLIX:Proud moment for all animation artists and animation community 🔥♥️ MY HUGE CONDULANCES TO @NOTYOURTYPE
@indrajeetbhrdwaj,Part 2 kab ayega
@anishramteke218,😂😂
@loading0284,Great 👌
@MICKEY05,🔥🔥
@dnujjal2472,Wow❤❤❤
@jattgamerz1943,Bro video bhut achi thi bus background acha nahi tha
@praseeet,NICE PROCESSASOR
@Power1000Gamer,Himachal 😂
@ShashiKumar-gd7mo,Yaar ab apne real channel par esa video kyu nahi banate ho
@bhaveshkadam405,Finally not your type is on Netflix
@deepakkakde5414,Ab pizza mw sause konsa or khoon konsa he kaise pata chalega 🤣🤣🤣
@VickyBot19,Berlin Promotions🎉❤
@se_b_51_arunrajput8,Bhopal and chattisgarh 😂😂😂
@dzdz8265,I love it
@VideWithNature5504,"Love from Chhattisgarh 🥰🥰🥰
Jai Shree Ram 🚩🚩🚩"
@firepro1523,I am also from Himachal
@JoystnaRoy-cq3zs,Sniperwala OP😂
@rgstreet0730,"Areee bhai maze aayege, our @notyourtype is huge now 🎉🎉"
@OmShinde-tx9ty,Papa be like: tu bhe mujhe bhed mai mar raha tha😂😂😂
@vikasmalluri2668,NYT FAN ME WHO GOT A NEW EPISODE 😁
@omkarmirashi7308,Lagata hai Tesla ka scooty hai 🛵🛵🏍🏍
@samarsingh7303,Tagadi script to (@NOTYOURTYPE) tu hi likh sakata hai
@omkarmirashi7308,Hey ishwar sahi hai mushakil mein hamesha bhagwaan hi yaad aata hai
@souravpramanik3690,AP to Dakna para bga Bro kuki tima bola ❤️❤️❤️❤️❤️❤️
@sudhansuraj8509,"Where is Berlin?
The Berlin character 😂"
@かまきくん,Dekhiye nazim kya rolla kat rakha
@Z-edits-o7,PLEASE make more funny
@TweenHitsShorts07,Netflix oP
@AJON_ALWAYS_ON_,Love from bhopal 😂😂😂😂
@abhayvloger777,Yaar your the best bro ❤️🥰
@SadikKhan-jj2wn,Nice very nice but money heist is emotional
@anishedit4451,profesar nahi processor....😅😅
@eddy4u569,NYT Rocks!
@SuhaibCricket-xn8vy,Password 101 😂😂😂
@sky_walker118,Not your type ever ❤
@faruklaskar8016,Nice
@retromonk88,meri kahani live ho gyi😢
@faruklaskar8016,Nice
@Vaggy29,.
@Art-w1y8t,I am watching it 4 time
@ronakvaghela6932,Love you bro
@pankajjaif9982,Bhai wo pankaj naam rakhna jaruri tha kya
@ChengziMimikyu,"Bhaiiiiii, wahi me Sochu abhi tak Naya video kese nai aaya , Bhai bohot sahi 😂🙌"
@arshdeepkaur8069,"Like here if you want to see peaky blinders in Hindi
👇"
@alone5630,Old vibe of not your type 😉
@arifalmas1,So funny🤣🤣🤣🤣🤣🤣🤣
@THE_HEARTBREAK_KID28,Processor 👍😂😂😂
@sweetygurvinder9522,Not your type forever
@abhilashpanjwani81,NYT 😂🔥🔥
@wrigvedwriddhimansarker8157,JAI SHREE RAM 🚩🚩🚩🚩🚩🚩🚩🚩
@shahil_mirza,Chhattisgarh 😮😮😮 love from chhattisgarh ❤️❤️
@weebsan2182,"One of the best collab<<3
Happy for you Ayu!!!"
@rajkarangidhu6598,Password 101😂😂😅
@petsking9147,The best funny animator in the world
@assassinabhishek,using GTA san bullet sound and minecraft sound make it soo funny
@AakibPlayz,We want rg Bucket list
@silvxr1488,NYT ❤❤
@CreatorDeepakk,Waiting for upcoming season of Berlin..😤
@nabin1639,maza a gaya
@starf1rey,love from chattisgarh nyt❤️
@akhiltirkey1327,Love from Chattisgarh I like that you mention aur Chattisgarh ❤❤
@subhamtiwari4363,This video deserves more likes ❤
@kotko6081,Nice.
@smofox321,3:05 FINALLY REALL CHARACTER AYA VIDEO MA 
@parvjain21,Full masti 😂
@parvjain21,NYT is better then all animated tv shows
@parvjain21,"Adding comments to support the video xd 
NYT 🛐"
@mohammad95059,❤❤❤
@parvjain21,Op quality ki script
@parvjain21,Op quality ki animation 🛐
@thelionstar5886,Finally not your type have came in Netflix channel
@pocket_dimention6769,"Sahi hai bro, iska hi to intezaar tha expectations ko reality mae badal deta hai bhai😎😂🎉"
@imgolu2735,Abe bhai not you're typ 😂
@Vr-ef7ip,Notyourtype ke jokes and videos never dispoint us
@Gojo..46..,मैं अभी ये video छत्तीसगढ़ से देख रहा हूँ
@arbaj41k,Arre Berlin series kab aayega
@viralbakhai,Money heist 3?
@glowmotions15,Always the  script of not your type is good 🙂
@cunnin24,Best rip off ever 😂😂
@AZHAR09,Unexpected 😮
@pricho9545,Kas ya video uss ka channel pa ate
@xahabub,Rip money heist 😂😂
@tokoryu4594,Processor 😆
@meninblackgaming4656,Paan khana mandatory
@samwilliams3832,Not your type ❤️❤️
@ZX-RIZE,Nyttt❤❤
@anuverma1595,Nyt is always amazing ❤
@littleartist3424,We want season 2
@harshal_mewara,"From nowhere to working with notyourtype, netflix sure has come a long way😭"
@captain4166,🤣🤣😂😂
@tdu15h,Not your type army ❤
@vyukfanpage6104,Tag pankej
@HazardousAsmit,nyt... bro bada aadmi ban gya bhai tu to
@aadrijadey,The collab no one saw it coming but THE BEST ONE YAAYYY
@madroweditz,Netflix x NYT
@madroweditz,NYT Rises❤
@Onexflix0,❤full power brother
@yashb99,3:17 best 😂😂
@FireKingGaming81,Money haist Fan ❤️❤️❤️❤️🤣
@wealous,Best animation collab ❤
@yachisharma8321,Congratulations aayu bhaiya you are on Netflix 🎉❤
@madhuripawar1129,"Seeing not your type from 1k to netflix
Its like seeing your child growing up 😊❤"
@pratyushkumar1039,NYT bro you are great and this collab was amazing 😍❤
@greenslime42,what about first love by rg?
@prajwalverma5666,"Mumbai, Chhattisgarh, Himachal & Bhople was so hilarious 😂
.
.
Btw I'm from Chhattisgarh 😅"
@Casualhaibhidu,O apna bhai Netflix me aagya❤️❤️
@AYUSHSHARMA-zy6xs,NOT YOUR TYPE BHIYA KHEL GYE
@featherpgaming4950,Damn
@dynamite962,Make video on me vs animals
@TheHunter7000mg,Is Not Your Type gang present ❤
@AnimeVibes_075,"Not your type team make the bestest team ❤❤
Like for not your type team 👍👍"
@harshkulkarni3321,Still better than Angry Prash
@vanshkohli-iu2tg,Ayu got too far 😊
@thelegendsofficial8488,Netflix bhai
@thelegendsofficial8488,Awesome
@Atomicgamer121,Bro full haha video
@YOUTUBE-GYANI,Nice 🎉
@sagarsrivastava4385,They should make a series on this
@sahebshikari7761,Worthy collab😎👍NYT always Rock🤟🔥
@Saifullahr037,Yaar mujhe laga NYT ki series ka trailer hy
@Shadow98892,6:11 😂😂
@pikachutrainer67,Congrats NYT ...
@mayurjadhav8,❤😂😅
@kiahankathat3334,0:47 tu bhi mujhe bheed mein maar raha tha?😂😂😂
@tanejasaab887,😂
@arwick7715,Not your type ki janta hajiri dedo
@Riteshsingh-qv1tv,You have reached a good height. Congratulations not your type seeing you since 70k subscribers
@Vaibhavfreefirex2,"NOT YOUR TYPE IS NOT A NAME😮IT'S AN EMOTION FOR MILLIONS OF PEOPLE😍🤗
NOT YOUR TYPE LOVERS
👇👇👇👇"
@litrajdip2020,Rip zotato driver tarun 😹😹
@kiahankathat3334,Not your type X Netflix 😮
@tera_ravan7775,Not your type 😂😂😂😂 love you bro
@jessicapoona4452,❤😂😂❤❤
@arbaazshaikh6724,duddeee notyourtype i am soo happy for you my my this collab
@RGCineVerse,Me kitne dino se not your type ki video ka intezar kar raha tha
@GwRawatPahadi-ds4gi,Not your type ❤
@cenzopk690,why he used the sound of gta san and minecraft at locker ?
@SidhuLifeStyle2,Not your type is your type
@dipanjanacharya7317,Rock bro
@gauravbhardwaj7014,Awsome content bhai awsome content 🔥🔥 eske achii payment lena Netflix se bahut zor dar video the and even script bhi kafi Sahi thie bhai ❤️❤️great work !!
@Subhash6425,I love your videos @notyourtype
@OmBirajdar,NYT x Netflix 🔥
@Subhash6425,Nyt your god 🙏
@cyb_here,Processor 😂😂😂😂😂😂😂😂😂😂😂😂
@kunalborage6612,2:03 bombay nahi Mumbai 🚩
@Zoro_0-n6b,1:03 pankaj aur pankaj ka baap kapde  kab badlne gaye😂😂😂
@PokemonWorld2,🤡 NOT YOUR TYPE
@yashkushwaha3982,❤ not your type lover
@dawasuniqueworld2388,"Not your type totally Deserves this !!!! Let's Go For million likes for his hardwork ❤️ Animation is not easy as we thought...First thinking of Script , characters and more 💚 I believe that his Animation is not the best But the script is fully Our type and relatable 👏🏻 The opposite of his channel's name ✨✨✨"
@nishantjasani217,This is literally so funny hahahahahaha
@PositivelyChargedElectron,Feels like personal success to see Not Your Type collab with Netflix!
@PankajBanshiwal,"अरे भाई मुझे चोर बना दिया ठीक है, फैमिली को ही चोर बना दिया😂😂😂"
@Naturalshort,Not your type 💀♥❤🥰
@princeYadavanshi000,Pols agi pols 🚨🚨🚨
@wedj8184,Thankyou for name of himachal
@TanmayBiswasmusic,"Everyone saying not you rtype and netflix Collab  
But me thinking the gun sound is of GTA San Andreas pistol Sound😅😂❤"
@ItzPerfecT69,Lets go boiii🔥🔥 Netflix tak poch Gaye bhaii🔥🔥
@Mohit.pandey0,Wah Bhai sidha Netflix congratulations bro🎉
@animatoreditormrityunjay,i am waiting for part 2
@yugshobhawt2424,This is the Collab we never asked but we deserved.
@animatoreditormrityunjay,Please upload part 2
@chhavitonk,Not your type for the win
@Pulse_Nova,Not Your Type.... congrats ❤
@OTAKUHAWK,Finally Chattisgarh ka nam liye😮
@ironman4505,We want series on it 🙂🙂
@arunmayekar8390,Better than money heist
@cyb_here,"Proud of you bro,
You are beyond imagination - Kudos to Netflix ❤"
@ayanafrin4563,Not your bahut din baad dekhe ho yaar kaha gae the
@Sarkar13354,"Wow, impressive 👏🏻"
@FIREGAMING-wd9rq,𝙄 𝙡𝙤𝙫𝙚 𝙣𝙤𝙩 𝙮𝙤𝙪𝙧 𝙩𝙮𝙥𝙚 𝙫𝙞𝙙𝙚𝙤𝙨
@Edid_topic.,"today my brithday 30/3
Wish me....❤🎉"
@navndeep8495,Not your type 😎❤
@Prash27,Not funny
@editorsuja,Bohot din baad apka video dekh ke mood fresh ho jata he ❤❤
@DJSK645,Chhatisgarh  😒😒
@gurmaan8055,Professor become processor😅
@Movi831,Bhai fadu climax😅😅
@akarsheetbebarta9447,"Bhai katara thaa bhaii 
Absolutely loved it"
@bangali004,😂😂😂
@executerff4332,Not your type ❤
@atkishchaudhary3354,😂😂😂
@memesworld6t9,LOVE FROM CHHATTISGARH ❤. 😂
@atkishchaudhary3354,Episode 2
@rlpgaming0007,Chattisgarh
@gautamdaiya1513,😂😂😂😂
@ksgaming3.0,😂😂😂😂😂
@TechnowithPK,Best twist stpry
@tejindersinghharike327,3:44 .... areh ruk na shemde 😂😂😂
@introvertsky,Password - 101😅
@onlyarsh5609,great job man tanks for this creativity.
@bteggamerz5552,Love from Not your type
@ayeharsh,Proud ❤️
@nileshkori7827,Tabhi toh pankaj ko ?
@Strange_00,Yes not your type on Netflix india 🔥🔥
@prgamimg7798,My friend name is pankaj
@manishalakhe,netflix india ki akal ghaas charne gayi thee lagta hai...
@Biology-z3v,❤️❤️❤️❤️❤️❤️❤️epic bhai
@fl4me.mp4,NYT  on peak
@The_KID-T800,Love from chhattisgarh ❤
@resttime33,Beautiful ❤️‍🔥 money Heists episodes
@hitenwagh8880,Congratulations not your type for netflix
@Richarao456,😂😂😂😂😂
@shubhamkumar-fh3rt,😂😂😂😂
@rajannishad987,Very good
@amitsarker3303,Omg not your type on Netflix boo...he deserves it love you brother ❤❤❤❤❤❤❤❤❤
@Jaiprakash-3526,This is the Collab we never asked but we deserved.
@aap_jeet_gaya_ho,Love from chhattisgarh ❤😂
@jr_7341,Last Interval twist 🪢 OP😮😅
@pankajmehra1974,😒😒😒
@mrX90090,Netflix walo bohot sahi bande ke sath collab kiya hai yaar aaplogo ne 😅
@AKM_HG99,Love to not your type craziest video ever on money hiest🥳
@Dream_Boy_Games,I love you ❤️ not your type
@factflow84,bhai ek number
@rekhawaikar1002,Chupna shemde 😂😂😂😂
@Pramiti_Choudhury,3:38 In India ..we don't have these types of police cars😂😂😂
@Dla147-4,Content bolte
@jaynamdev7731,Love from Chhattisgarh ❤️❤️
@abhimittal6141,Aakhir ek jeb katre ko kitna hi paisa dedo rhega to vo ek jeb katrra hiii
@Life___survivor,Nice story
@Jai_77K,Nyt ka kaam is so good
@aashubhandhari,Amazing Twist 😂😂
@oxi.03,Yoo 🤘
@kattagroupak,What a script bro 😂
@HG_LEADER,Not your type 💗💗💗💗
@storywithshanu-09,unexpected collaboration ❣️
@sangeetha8203,Not your type love you and so much proud of you 💜💜💜🤗🤗
@minebu..,Prosser 🤣
@homeofheroes8428,Huge W for not your type 💥
@ds.y1393,Chhattisgarh chori krne jayega😄
@dushyantYdv121,Ab money heist dekhne ki jarurat nahin... Itni acchi comedy ho gai😂😂
@trentopic,Not your type never disappoint make funny video😂😂😂😊😊❤️😘
@yashwantredwin670,Mere dost ka naam bhi pankaj hai 😂😂😂
@sanjaykandir9669,😂😂😂😂😂😂😂😂😅😅😂😂😂🤣🤣🤣🤣🤣🤣🤣🤣🤣🤣🤣🤣🤣🤣haaaahaaaaahaaaahaaaaahaaaaaa mja aa   gya
@beginnerartist,That's call perfect comedy 🤣 👌 we'll done not your type  keep it up
@vinayakpawar2965,Not your type😍
@PlusTechz,Nyt Fans Joined The Çhat
@novaworld6528,Nyt on Netflix❤️❤️❤️❤️❤️❤️❤️❤️❤️❤️❤️❤️❤️❤️❤️❤️❤️❤️
@deadsoulyt4010,"NYT FANS ATTENDANCE 
👇"
@sonuverma705,Love Chattisgarh
@adrenalineedits1949,❤❤❤❤❤love notyourtype type
@legendgaming3496,Opppppppppppp 😮 op
@clasherbunny1246,😂😂not your type ❤️
@HarryPotter-267,Not your type now it's time for collab with Wednesday
@user-officialMocolized,You are so cute 🥰🥰
@Aqua_AI.,Please make teen titans and ben ten   alien force (mixed)🙏🙏🙏🙏🙏🙏🙏🙏🙏🙏🙏🙏🙏🙏🙏🙏🙏🙏
@thamidibneall5569,money hiest ko nanga kar diya 💀💀
@MRG_Verse,Not your type is op
@rajputyashpal2037,Sniper sadk pe leta aaa 😊😮😅😅😅😅
@vivekyadav_0011,My chhatisgarh se hu 😂😂😂😅
@rajputyashpal2037,Proud  off you Himachal  bro 😅😅😅
@Mithilesh_Kanade007,3:16 Bank manager 🤣🤣👌👌🤣🤣
@Mr.mavenic,Money Hiest is nothing compared to this
@acousticsahil845,"Lietrally yrr @notyourtype tumhe bollywoof me cjale jana chahiye , q k logo k scrip likhtr nhi aate ,          Tum jo bhe  script likonge wo hit hoge"
@yaserhammad2765,Mujhe bhi bda hokar processor banna hai
@acousticsahil845,Congratulations for collabration on Netflix ❤
@tejas85687,3:20 🤣🤣🤣🤣🤣🤣🤣
@rolex_7224,Chhattisgarh Wale like kro 😂😂😂
@Krishna-yi6dj,"man i am from CHHATTISHGARH, aur dur sur tak expect nahi kiya tha ki unme se kisi ek naam bhi ye hoga 🤣🤣🤣🤣"
@SHADOW-e3z,Not your type ❤️❤️
@bee3sto,NYT X NETFLIX ❤
@DESIANIMATOR-V,Very nice video aayu ❤❤❤❤
@itsrakshit9511,"Ultimate
🤣🤣🤣"
@snayak2004,Love from chhatishgarh ❣️❣️
@OmPrakash-li8pn,Please bring down subscription prices in India
@monaxbhra,Blastic bhai❤❤❤❤
@pankazchetry9831,why Pankaz 😢
@monaxbhra,😂 op bhai
@nikhilchauhan8432,In this video Netflix got more view than other videos of netflix
@Avadheshkus,Kya Mtlb ki not your type ab bada aadmi ban gaya hai 😎😁😎❣️ love you ayu
@vayuu999,LOVE FROM CHHATTISGARH ❤️
@searchengine2908,Not your type 😁
@aryanankus,Himachal ko kyo toda
@vinayshastryam8066,Writing is good
@thebhupendrakunjam_,I am from Chhattisgarh 😂😅
@tejasjadhav1164,Are ruk na shemde 🤣🤣
@santoshoraon3641,Unexpected Collab ❤️❤️
@Manish-pi7tk,Maja aa gaya 😂😂
@ariyankhan3858,4.03 most 😂😂😂😂
@notyourtypefan7743,I love.your vids bro ❤️
@BasantSingh-xj7ku,Not your type ❣️
@patrick12-e3s,Not your type #
@Desitoons,3:17 ye konsa tarika hai darne ka 😂
@yashvantyadav10031,Chhattisgarh wale like kro❤😍
@hetavpatel9242,Not your type
@technicalkrishna5967,Not you type 😮
@prashidha00,"Mast mai bhai 
love you from Nepal ❤️"
@kamlakshsharma5355,It's a request give a chance to hardtoonz also
@rahuluik15,Wow not your type with Netflix ❤️👍
@yaar_knox,One of the best collab❤
@170-barjunrathod7,Bhai kya Suspense thriller short video tha ek 2 ghante ki movie se bhi behtar ❤😍Maja aa gya. Aur episode mangata hain boss. Netflix Please give him more opportunity to show his talent. We want NYT worldwide famous
@pankajikhe4425,Our boy growing up 😅
@Rohit5931f,You should add a New member Bihar 😂
@PR.07,Bhopal aur chhattisagadh 😂😂😂
@kashifrasheed8552,Not your type army here❤❤
@imfazloyt783,Love you bro
@RohitSharma19985,"This is the Collab we never asked but we deserved.
Edit:- I never knew such a copied comment would get these much likes."
@RohitSharma19985,"This is the Collab we never asked but we deserved.
Edit:- I never knew such a copied comment would get these much likes."
@RohitSharma19985,"This is the Collab we never asked but we deserved.
Edit:- I never knew such a copied comment would get these much likes."
@RohitSharma19985,"This is the Collab we never asked but we deserved.
Edit:- I never knew such a copied comment would get these much likes."
@RohitSharma19985,"This is the Collab we never asked but we deserved.
Edit:- I never knew such a copied comment would get these much likes."
@RohitSharma19985,"This is the Collab we never asked but we deserved.
Edit:- I never knew such a copied comment would get these much likes."
@RohitSharma19985,"This is the Collab we never asked but we deserved.
Edit:- I never knew such a copied comment would get these much likes."
@RohitSharma19985,"This is the Collab we never asked but we deserved.
Edit:- I never knew such a copied comment would get these much likes."
@ckdhruw017,Love from chhattisgarh 😂😂😂😂
@ckdhruw017,Mast hai
@kaushikshende,I am really missing money hiest 😭😭😭😭
@abdulahkhan3508,Best vai best
@Speechesfacts,Isi liye kahi nyt channel pe video kyu nahi aarhi hai 😮
@Meowpyce,"Next Stranger things ?
And Lucifer ❤"
@its_not_aman,Dhoom Machale 🤣
@memer3384,Password 😅
@d.b.cooper_007,Big fan of @Not your type
@allinONE143love,Not your type team ❤❤❤
@tennyson6577,Best Collab ever never expected
@Ryan_G44,password - 101😂
@ftrhere2005,1:56😂😂
@rex_69e,Power of not your type ❤️‍🔥
@imPriyanshu8017,He never disappoints us
@Leviweinderwiess,4:09 khulegi kaise ambuja cement se jo bani hai 🗿🗿
@Yourbestcap,Finally my man getting recognised
@ArbaazKhan-zr9lr,Bhopal op😂😂😂😂😂😂😂
@AyaanGaming2612,Nyt op
@ShaktimanJi,Amritpal Be Like -   Polss Aa Gi Polss😂
@featuregaming527,SOLID I LIKE IT
@pinaksalil1774,3:18 was the best scene 🤣🤣🤣🤣🤣🤣
@LalitKumar-dp6lp,😂😂😂😂😂😂😂😂
@_solo_dancer_9309,Video with zero hates ✋🏻😎❤️❤️
@FRANKING-,😍😍😂😂
@kasifjauwad4869,Money heist in India be like😂😂
@kckiran3902,😅😅
@shekhdilshekh9351,Bhopal 😂
@joinme1365,Sponcer bolte
@zilran_reignx,😂😂😂Laughs from Pakistan
@mdmoyeen9224,Bhai dil jeet liya
@starboy_live,Bhai not your type ab harr jagah! ❤
@pryasbeniwal4286,Ye banda best h
@Vkgaming368,Chhattisgarh op bolte 😂😂😂😂❤❤
@yv11111,Love from himachal
@nehavaishnav2197,😂😂😂😂
@yuvrajgadhavi5578,Wahhhh re not your type 😂😂
@studywithziii7730,not your type is bestest YouTuber ever
@anantaghosh6635,Nice
@Abhishekverma-te6xl,NYT always Rocks 😂
@stxrrynight_09,Can we appreciate how hard NTY worked to achieve this..proud of you buddy✨
@oveshworld800,RESPECT for NOT YOUR TYPE 📈
@AdityaMishra047,Waiting Berlin series
@aarondhilpe1563,Loved it ❤🎉🎉
@snehachowdhury7462,Best ❤😂
@Ammo2311e,Ek no Meri jaan😂❤❤❤
@trs_0.24,Money Hiest To Apna FV ❤️ Hai or Ye Uska Tooney Virsion 😂❤
@kirito_explain,💜💜💜😁
@akshaysoni0305,I am from chattisgarh 😂bro so much love 👍🏻👍🏻❤️
@nasirahmed9579,All time best❤
@All_IN_ONE125,"Bro Such a Big Collab 
Best of luck Not your type. ❤"
@noob2pro148,Epic not your type 😂😂
@showdownist,Wait wait wait..... He got a job in Netflix??
@CoolPoolYT,Proud moment for NYT💙💙Success 💯
@abhirajdey7194,So happy for Not Your Type!!!!
@ClashBoy-nw5wb,Broo you are in Netflix ❤❤
@raigod1153,❤😂
@ItSLOFIֆօռ,Next part please 😂😂
@KillerGamingShots,Ntt the awesome ❤
@arpanchy1338,We need a separate Netflix series of NOTYOURTYPE.
@Nowbunnyishere,Chhattisgarh wale 😂👌
@madmax.here1,❤
@animeboy..,Not your type rocks 🎉
@Sadknightmusic,😂😂
@KomalVerma-wr3sd,👌👌👌👌😀😀😀
@Saumyadeep-h3y,Not your type means full of fun 😂 .....
@VaibhavShewale,notyourtype ki khub kamae hue
@JoblessGourmet,"❤️‍🔥❤️‍🔥❤️‍🔥❤️‍🔥❤️‍🔥❤️‍🔥❤️‍🔥❤️‍🔥❤️‍🔥❤️‍🔥❤️‍🔥❤️‍🔥
Not Your Type And RG Bucket List"
@hiteshhalawat1276,Not your type love from chhattisgarh ❤
@sabbuhusain9803,Spartacus movie Hindi dubbed update
@jaykale4132,NYT is the best
@vinitpitaliya4013,I'm so happy
@Albertmgzm,Not your type deserve more subscriber than R.G
@vardangaming7498,End like thanivu
@57393,bro gjb  need unlimited  part  of this series
@anjumkhan9444,Ab tum yaha aagaya chal apna chanal par kab video upload kare gae
@rajadutta7770,😂😂😂😂
@cidgamer5878,N y t on  Netflix 😮❤🎉
@arshnoormawani,Omg ultimate unexpected collaboration!☺😎😮❤❤!!!
@sanchitkumar2471,Waah 😃 Not Your Type 👌👌 k sath Collab
@geniusboy99,❤
@geniusboy99,❤
@weby898,Not your type never disappoint me ❤
@geniusboy99,🎉
@geniusboy99,😂
@geniusboy99,❤
@AjayCycleha,My name pankaj
@manusingh2507,OP collaboration
@Indian7238-o,Real animation of NYT
@mobadxd,Aayu bhai 🙏
@abhicasm,That sniper was hilarious 😂😂
@bhavinbagdariya3586,Love you not you type
@luckykamde,Money hiest tha 1 of the best web series in my life
@zainab49574,Not your type: *our only type* 😎
@MyselfSaagar,"Whoa from 4k (thats when I sub him) subs to Netflix, my bro come a long way.♥️"
@lts_kituu_2009,La case de papel se jyda badiya to not ur type ki 3min ki video thi😂
@Shiva..7781,Great success bhai nyt❤️❤️
@ReenaBiswas-gt3jw,Nyt 🎉🎉🎉🎉🎉
@ayanacharjya7779,🤣🤣🤣❤️❤️❤️
@tarunlahoty1036,My name is also tarun
@LORDaniiket,Only not your lype lovers here
@MellowBeats509,best collab
@Tnk_xd,Not your type never disappoints...
@unigaming5761,Not your typeeee you are not die what make video on your chennel not and you make video in only 10 we do 10M
@sayedali3290,This video Collab is outstanding
@rabi_nation,Not your type is the best. Voice bhi change ki h bhai ne.
@Dhavxl_,Nyt🛐
@Mrleast-1347,🚫
@NirmalaSingh-zo8zw,Frist Collab nyt
@jaydeepvaghela1234,😅😅😅😮😮😮😅😅😂😂😂🎉🎉🎉😂😂🎉🎉😂😂❤❤❤😂😂🎉😢😢😮😮😊😊😊
@hrishabhsuryavanshi,Damm netflix and NYT now about chhattisgarh 🎉
@rhgamin8102,NYT OP🎉🎉
@Amandeep_ludhianvi60,Not your type ❤
@PahadiBillaGuitarLesson,Le Indian Sniper :- Ye chalti kaise hai😅
@st4rkedits,Not your type 🔥🔥
@captainyash,Proud of you man ❤ Netflix tak chala Gaya Mera Bhai☺️
@ZaxBoy8,Aacha tha😂❤
@Vampire.Nights,😂😂😂😂😂😂
@MadanKumar-dp1cx,OP twist bhai more than real money money heist unexpected bro 😵😵
@AkibOfficial,Nice Story 🤣❤
@jitroy1899,Netflix give chance to talents 💖
@maruf.__nsr,Chattisgarhiya sable badhiya🙌🏻🫀
@ritikupadhyay970,Password 101 😂😂😂😂
@alonegamer3197,This is similar to Thuivinu or smtgh I saw that movie in netflix
@vinayraj99,This was  the project of jjjjjt jjojr type
@AmitSharma-dg2qh,I'm from bhopal so bhopal vale like karo ....😂😅🎉
@OpTopiOfficial,❤️‍🔥
@davidchauhan1485,Please dubbed Hindi version of Tale of the Nine Tailed
@namanamrawanshi3168,Sahi hai sahi hai 😆
@Itisluffy,Not your type is best ❤❤
@aritrabanik828,I think MH new series BERLIN is coming!
@GamingForgez,Not your type your animation are very cool 😘
@Realityworld108,NOT YOUR TYPE DIFFERENT ANY OTHER ANIMATOR... 😎
@rafid.prince,Supporting not your type from 50k and now my boy is featured in Netflix🥹💖
@abhiscoc,From 10k subscriber to 2 million i have seen you grow from start and today on Netflix channel ggs
@pminvester,Catch-up kaun sa hai or khoon kaun sa hai.. 😂
@ranjitdas3774,Main tab hi sochu ek mahine se video kyu nahi aye
@KnightBLITZ10K,He is like in mind don't have to do the bad drawing because it's netflix
@pranjalsharma3342,Woohhool my favourite youtuber with netflix🎉🎉🎉🎉❤❤ love you nyt
@Naruto_uchiha78,Op forever ♾️
@tarunbeley9510,Are yr mai yaha kaha agya
@CaptainJackSG,Not Your Type Never disappoints❤
@indraneelbayen4012,Bhai mereko sound nahi a rahi
@Music_2886,Himchal😅😅😅ase bhi nam hote h
@cine360_shot,Name + planning + script everything is better than real Money Heist 😂❤
@ultrabeastjay,Keep growing asuuuuu 😊
@DARKGAMER9445,Oh yeh
@avengers2.057,Best bro❤❤❤❤
@lovehub9155,❤❤❤❤
@Roll.n21,Its Funny Heist 🤣
@HIMANSHUSINGH-ex5hj,full ha ha ha video😂😂😂😂
@HIMANSHUSINGH-ex5hj,"not your type , bhaii ,❤❤"
@rohitkurane4294,Op
@samakshyadav1263,Nyt congrats brother so proud of you brother
@Riteshkrpanda,Not your type Collab with Netflix this is crazy
@HIMANSHUSINGH-ex5hj,"ohoooo fulllyy sexxy video ,"
@animationera6009,Happy to see my favourite animator in Netflix ❤❤
@SIDHU00010,U r really too good ❤️
@anontaku1,Abb to ek NYT Universe Animated Series banta hai
@mohitswami2854,Not Your Type finally getting results of our love and his hardwork 😘
@skkarim655,Awesome bro 😎 video @not your type
@k.kshorts447,launda mashoor ho gaya.😄
@namitakumari5660,Thank you thank you thank youuuuuuuuuuuuuu finally!!!...I was really waiting for your video for soooo long😢😙😙😢😢💓💓
@rohitbr8947,I need more minute video atleast 16....
@InFlamedAryan,Bhai NYT Ko 25k se support Kiya aur aaj bhai Netflix Me aagya he ❤❤❤
@mehulrastogi3937,Very nice ❤❤
@dimplerauniyar4826,NYT best ❤❤❤❤❤❤❤
@k2dits,NYT is best🤣proud of you boy..
@marvelnerd9339,once a jebkatra always a jebkatra
@devil-bro88.06,Pick pocket...ghab kattara
@iambarun,Not Your type insane 😂😂
@kushalraut5450,Not your type ✨🙌🏻❤
@priyanshud5,Bas kar hasa hasa ke jahn lega kya.. 😂 😆😂😆😂😆😂😆😂😆
@KRISHMUSICX,"No Bollywood, No Hollywood only watching NYT on Netflix♥♥"
@deepakmishra_,Not your type on fire🔥
@himanshupathak5211,Netflix recognising talent
@KRISHMUSICX,NYT's success feels like our own success.. True Fanbase🥰❤
@mohdshamshiljawed,NYT be like - Jal wa h harama har jagah by the way his voice and content entertain every time he deserves award ❤️
@MrPoptastico,@NetflixIndiaOfficial plz bring Carryminati in one of your video's
@karanmemawat330,The last joke was epic😂😂😂❤
@A2kgamer.99,Amazing video ❤❤
@40fpsgameing,Mera name kiu 😂😂
@Darzi_01,🤣🤣🤣
@tamanna.6999,Jay shree ram 🙏
@janveesingh1415,So funny 🤣🤣
@Tanmayxbrawlxstars,"Pin me pls 
NOT YOUR TYPE SUBSCRIBER❤"
@aryan_fx,Kon kon chhattisgarh se hai ❤❤ Mai Hu cg se
@beatswithayushmsn5910,Jod animation
@bherulal538,Processor 😂😂😂
@TarunChoudhary661,Berlin and nairobi fans like here ❤️❤️😭
@tecklevel5236,Not you type tari video ka intzar kar rha tha or tu yaha kya kar rha hai 😭😭
@tarunrajput8957,"Bhai dil se respect, lekin yrr animation style kyu badla"
@sudipsardar1999,Nooot yoooour tyyyyypeee 🤩😍🥰
@shadygaminger7790,0:47 tu bhi mujhe bheed me mar Raha  tha 😂😂😂😂
@SadmanSaqib517,My man NYT going places ❣ Super proud of you 🙌
@lostperson21,Love nyt want more videos of  him on this channel❤❤❤
@puchkag.p6459,4:06 only legends know from where the sound effect is
@Razzak_0069,NOT YOUR TYPE PAPIII👍
@relax_yourmind1,Ye video itni veg he ki isey salad samajh ke kha bhi saktey hein😂
@fantasticgamersYT54,Bhai tu diserve krta hai Netflix ke sath collab
@Sankya_jadhav,I am just happy to see my brother is with Netflix congratulations @notyourtype ❤❤🎉
@asifulislam9870,Not your type never disepoit
@nikhilguptaAFMC,"bestest collab 
netflix X nyt❤❤❤❤🎉🎉🎉😊😊😊"
@Harsh_Agrawall,Chhattisgarh Fans like here ❤❤❤
@HARSHXFF07,😂
@illhelpyoudude,main thode din pehale soch hi raha tha ki NYT and Netflix ka collab ho jaaye to maja aa jaayega ...and dekho ho bhi gaya
@rx.official1302,Yarr bro bhut din se wait karaha teri video ke liye 😊❤❤
@pankajmazumder3209,Pankaj wale like karoo. 😢😢
@Xenshi01,Mera nam bhi pankaj he
@BOKua_AKio.7,Not your type force like to comment
@iamjim1572,We want rg next
@indianmemer7976,God level script ❤
@parijatdeysarker3917,"nothing much
just enjoying my type of money heist:3"
@tldeepakgamer690,THIS IS MONEY HEIST PARODY OR WHAT
@p.samirrao6844,Bhai ham Chattisgarh se hai 🥺🤣❤️
@anunaybhtt,"Bhopal, CG, Himachal... names of thieves 😂😂😂"
@atharvsingh501,Those people who watched money heist will have more fun😂😂
@beingsurfers,Money heist Collab with r2h team ❤❤
@mdsadik1661,Awesome yaar maza aagaya 🔥🔥😁🤣😂
@adityashelke7692,underrated
@devchoudhary1462,Another level comedy🤣🤣🤣
@negxoyt,🐧😂🤣😂
@unknown17651,Ruk na shemde 😂😂😂😂
@shohirano3385,Iss money hiest ke charactor mujhe Berlin ko chhod ke zayada badiya lage because Tokyo to bekar hain bilkul
@Anon_212,Bahut badhiya Bhai...
@girgit_yt69,Not Your Type Netflix ❤😍
@hughie_hu,Didn't expect this collab..awesome  video..
@trbbbbb1,😂😂😂
@soundvives69,love this collab
@IMMORTAL999.,My name is pankaj 😅
@dhruvasaptarshi1291,We want an entire series animated in notyourtype animation style.
@vivekd005,"What a brilliant of marketing, kudos to Netflix India"
@puja2515,Not your type always rocks🤣
@STORY_short111,Animation style 15 baar change hua or majja ayya
@mrfaroff_editz,Apna bntai bda aadmi bn gya re......
@jhinga3975,Excellent
@Rz.GAMERS89,i Love you ❤
@jhonkimdon7718,only netflix knows what real talent is 😘😘😘NYT x Netflix
@ArjunSingh-pq8ce,Actually this better than money heist🤣🤣🤣🤣 iski pacing bahut tej thi but 🧐BERLIN kidhr hai
@TwoBottomFury,I m just cry to see this funny vifeoo😅😅😅😅😅😅😅 lollll
@bsh-spidey,very funny😂😂😂
@piusaura,Gazab 🔥
@IntrovertGamings,Proud of You Man🫀♥️
@Fuzzy-jil3,Pankaj??
@shubhh01,Unexpected colleb Ever😎🔥🔥
@mightycannon1512,Unexpected  plot twist ngl lol
@shresth_yt,5:20 tau ki ankh 😂😂😂
@vatsalmakawana3764,I never imagined or neither you did that you will come this far! all the best for the future keep growing
@Ahanaf035,- Netflix got real talent 🔥!
@amazingsk414,"Bhai ""BHOPAL"" ka name bhi sahi se le lete , Dil se bura lagta hai 😁😁😅😅"
@kasswala,Greatestic ❤❤🤩🤩
@ExtraWithAditya,that's great seeing NOT YOUR TYPE become such a big YouTube
@RandomRelatablesYT,Nice 👍👍
@sahilsidhu4432,3:30 oye pols agi pols
@hrithikchoudhary9793,😂😂😂😂😂😂😂
@evildeepgaming9724,Wah @not your type wah
@aryanrangare318,Mein to bolta hun movies ki story india ke animation youtubers se likhvani chahiye bhut paisa ayenaga
@mishramantu765,Unnoticed password is 69
@Toxic___2,3:42😂😂😂
@motopia-5674,Is liye ye itni din se gayab tha
@Art-w1y8t,🤣🤣🤣
@shinchan_im2703,Great💫 colleb with NETFLIX🤣
@littlebite24,"च्या माईला राजू ... 
लगता है किसी दुसरे की खोली में 
आ गये रै बाबा 😅 !"
@pawanbedwal5553,Not your type Script or Animation &Voice makes💯% quality content ❤
@dilipnayak3784,"Love from chhattisgarh ❤️
✌🏻"
@deepaknayadu3119,Hindi may Nahin Hai
@SoyCityy,❤
@FeeD_eDiTz-57,😂🎉
@abuhoraiya4990,"Animation was great 
And script is always funny"
@picsedit5536,It's better than the original money heist
@AbishekChowdhury,Mind blowing..
@piyushextra,Hard work ha bhai ka❤
@devrai4665,Full support of not my bro
@manthan-00q,❤
@MeharRizwanWrites,NOT YOUR TYPE ginda bad
@gourishankarmohanta5225,😂
@t1goku_0,N X T L V L 🗿
@rahul_9-5,Not your types best 💝💝💝
@maanas_sehgal,Not your type is the best animation creator❤
@shubhambhardwaj6669,Oh yeah 👍 not your type is here❤️
@loadedgamingff9456,NYT Always OP
@Nix267,Collab🥺
@AWiseman...4u,"Literally I never watch Money Heist before but now NYT grabbed my attention, force me to watch by this kind of collab video now I really want to watch it and love u NYT ❤"
@Roymiller2699,Who want all 5 season?😂
@NOOBRIDER0,Short clip se Netflix ka Safar gone so far hats off to the Hard work 🎉@notyourtype
@BG_KnownBoy37,Yas collab 😂😅😊😊😊😊❤❤
@aarush926,Dream is became ture
@TheChamp04,Not your type is amazing
@virendra_awase,Superrbb😂😂😂
@SachinYadav-jb4nz,Love form chhattisgarh❤
@PpPuPuSigma,Password 101
@TheSaneCreator,Yae toh Dhoom 3 bhi mix hai😂😂😂
@botflag4884,Bhai kaha the itne time se❤
@Lilshazzi,😂
@Balnunumaxxing,RG crying in corner😂
@emon_6981,The best Collab ever
@mirror_boy_x1,Not your type op 😂🤣🤣❤❤❤
@piyushsinghrajput9245,Iski bhenki itna bada twist 🤯😱
@suprafc006,🤣🤣
@yashchoudhary6117,proud to see the animators getting share of what they deserve.
@jphadiyal365,Mast 🔥❤️
@The47_gaming,2:35 mumbai wala😂😂😂😂
@akusunny8323,Super 😂
@iamop155,Bro I am also from chhattisgarh
@Stars-1230,❤❤
@ragnoronetap9286,Not Your Type team is op.......
@jaygupta2150,My name is pankaj 😂
@meGigachad_,"finally, netflix is featuring an awesome youtuber "
@Real_moxxic,😂
@udaykaure8389,Op chhattisgarh 🤣🤣🤣
@Real_moxxic,I love Netflix
@krantirajak5567,Not your type is my favourite YouTuber 😂
@riyasat8007,Netflix know about real talent 😍
@nagendramesta1257,not your type is lub
@BantiKrSuman,Notyourtype
@shubhambhardwaj6669,Never expected
@lankaravan5072,"Dammmm bhai tu kaha se kaha aagaya bro 

❤"
@deadcritan3189,But bada admi ban gaya
@Peach10001,Finally he is back...😄
@newcinema1111,Not your type 🔥🔥🔥🔥🔥🔥💥💥
@nowyouseeme4162,What language this
@HASSANTANVEER-js3ky,are bhi kssem se alfaz nhi h mere pas 😂😂😂😂😂😂
@sammyboi2893,Not expect this collab
@sanataniyodhabillions1,Man got it
@ArmanSingh-ru9po,I am So happy for you not your type❤❤
@bestrongtoday157,😆😆😆😆😆😆. Not your type is awesome 🔥🔥
@shinju133,No no no no.   rg bucket list  animation tac natflix
@Sharvari_styles,Bhai Bhai Bhai ❤️
@rajchaudhari9073,Money heist and not your type is the best ❤️❤️
@mukeshchhetri4942,Paan khane liye😂😂
@Napoleon__,3:31 😂😂😂😂
@Napoleon__,😂😂😂
@yourdad9083,"Animation feels so off
Netflix seems to be surviving off famous youtubers collaborations 😂😂😂😂😂"
@Unknown_god000,Not your type kha se kha pohche gye❤❤🎉
@nasediajju628,Jaldi jaldi comment kar deta hu bahut like mil jayega 😌😌
@Ketoneeee,Loved it❤
@puneetsuperstar17714,Love it
@DarKSushiLYT,3:17 😂oo myn
@_a_ss,Feeling so proud of Not Your Type. It's like something my son had achieved although I am only 18 years old. 😅
@ninjamrtal6510,Not your type never be disappointed 😂😂👍
@gamingwithrony0335,Not your type family 👉❤
@varunthakur-uk6nd,Brohhh next level yaar.
@sanjukiro,Who who Loves Not your type videos   ❤️
@lilaesthetic79,Need full series 😩✨💗
@AdityaSingh-CR7,3:20 funniest scene😂😂
@Mobile_says,Never Expect About This Collab 😅😂❤
@PhyscoFF,Jaldi jaldi comment kar lu likes milenge
@AtomicGamer007-g8u,The fact is walter white could nt do wirhout >>ME
@yaaristudio5540,N. 1
@smartifire,"Not Your Type and Netflix, really unexpected Collab 😂❤"
@nanth06,Ahaaaaaaaaa
@nileshff4449,Not your type love you bhai ❤️💯
@erenyeager5925,Kadakkk😂😂😂
@jimilgohil906,Kadak tha🙂💯
@siju_mukesh_01,Pure vegetarian 😂
@Fake-wh3wf,(pankaj)My stocks📉📉📉
@GurvanshSensei,Ya hue na bat
@aniketnikalje7338,Sniper 😂😂😂
@ROHITGAMING715,NOT YOUR TYPE TEAM 😎
@AbhEE.,Honest heist
@kalakritistudios,"CAN'T BELIEVE!😭😭😭My favourite animation YouTuber which I support. (Apart from MJO, which I don't need to support.)"
@Raghav3444,The collab we all waited for ❤
@deadboy3792,Feeling Happy For You Not Your Type ❤️
@visheshvishwakarma8494,E badhiya tha guru 🤙🤙
@walterwhiteeee,"Abe tu yha bhi aa gya 😂❤ 
Congratulations🎉"
@Nakiff,I love all your vdos😂🇳🇵😘
@BAND841,😂😂😂
@mangalmaymishra,😂😂😂😂😂
@akshx_18,please pin me netflix
@sujalgamer6697,Not your type🔥🔥🔥
@mgmohitshort,Not your type ❤❤❤❤🎉
@YouTubeS-lc5xf,Amazing to see  nyt and money heist.....just ❤❤❤❤
@indianyoyoer,But animation doesn't looks like not your type for some reason..
@aniket4484,Love from bhopal 🤣🤣🤣🤣
@sumitkumarmurmu5176,Baris ho rhi hai
@PhoenniX7,Not your type is hype now days ❤❤
@trishasingh1477,Crazy 😝🤣🤣😝👌👌👌
@Not_Deb,Finally NYT getting what he deserves
@surajmaibam696li,And not your type
@surajmaibam696li,Netflix thanks
@memebygitesh8280,1:57 i am from Chhattisgarh (छत्तीसगढ़)😎
@luckypaswan8491,Bhai video short ho gaya 🤧
@piyushplayz21,That's call success of NYT 👽
@dhruvshilke,Pankaj 😅😅
@Mango280-y2g,Chattisgarh 😂. By the way I'm From Chattisgarh 😌❤..
@sclips__69,Not bhai ❤❤
@yashverma229,"Love you bhai 😍 ♥ 

Bhai ese he video banate raho 
Love from Lucknow ♥"
@prabinrai9995,Not your type Always Best ❤
@AamirKhanOnly,Not Your Type Great Job
@SHAQRANB,Mena bhi pubg meh apna name professor ki jaga process rak diya tha 🤣
@ig.gt_panda,That's Perfect😎
@Rchfficial,Is liye tuune  1 month  se video nhi dali
@arkachakraborty7172,Sabse best hota agar Lunch ke bad ana bolta bank ka manager
@artist_arya123,Not your type..... 🤣🤣🤣😃mast wala money heist.....please launch One more video
@Avi123p-q4b,Op bro❤❤
@macavity9599,Thanks 😁
@Zenitsu._.edits420,Password 101😂😂
@Adityakumar00175,Unexpected collaboration ever in history 🤣🤣🤣🤣
@rexxyjod_0967,Mera naam pankaj hai to mujhe kyu toda😂😂🥲🥲 and I'm also from bhopal
@shreyansh_me,Let's go Notyourtype. RG is on the way.
@jeelaghera5628,not your type❤
@BGC54,The way he introduced himself as a script writer..... 😂😂😂
@balwankumar4027,Netflix pr ye kaise
@fuggi_6908,Chhatishgarh ❤
@oyeeerahul539,Love from chattisgarh ❤️
@Stranger1.050,Kon kon not your type ka fan h...?😊😊😊
@SKELETONGUY18,"Mumbai , chattish ghar, himachal ,bhopal>>>Berlin , Denver, Tokyo, Rio 😎😎"
@notErenYeager13,Not your type❤️❤️
@sparrownet5824,@notyourtype you came a long way ❤
@sidhantchaudhari7540,Love from 36grh❤😂
@ajaymalviya1,they always disappoint to disappoint us😁😁(km dimag walo 2 bar pd lena)
@Isbuzbybsinsuvsj,I Am Biggest Fan 🎉🎉🎉
@sanattudu3355,"I can't stop launghing😂😂😂🤣
3:49 Especially this one"
@abhishekvalmiki2446,Not your Type Never Disappoint us 😎🖤
@abhishekvalmiki2446,Not your Type fan forever 😎🖤
@anshikamoon,😂😂😂😂😂😂😂
@adprince2721,"Not your type,  big fan bro"
@Xenomorph2.0,Lol is password 😂🤣
@Xenomorph2.0,Lol is password
@Xenomorph2.0,Lol
@Xenomorph2.0,Password is 😂
@mileakter7777,My favourite not your type ❤
@SWAYXM-t3h,Processor 🤣🤣🤣
@Ahmad_Zaheer,NYT OP
@MadGamer_YT_,Pen me please 🥺🥺❤️🥺🥺
@Divya_Khandelwal12,Why did I think this was a Jose video from the thumbnail 🤦
@frc-y4x,😅
@colinsmith..1,Bhaiii woh board pe class 5th ka toh lg nhi rha tha kch..uspe toh 12th ke ac current ka ik graph bna hua tha 😐
@Sigma-can-smile,Not your type is very very my type ❤
@gaytridanial6123,Not your type fans coming 😉
@sudamchhetri7514,NYT never let us down 🔥
@garunshukla6978,Op bro ❤❤
@ShieldYoung,Are Bhopal and Chhattisgarh supposed to be Moscow and Denver
@manjunathammanju892,👌👌👌👌
@A24Gamer,Power of not your type
@Stevebhai18,Maza aa gya🤣🤣🤣
@Just_Chai,Processor 😂😂 bro the best collab fr
@pankajmishra5890,Salo Patak patak ke marunga 😂
@blackhuntergaming607,2:10 😆😆😆😆😆😆😚
@khandelwal-khandelwal,Paaji Tussi Toh Chaaa gyee!!!!
@iknow242,Video kab aayega
@Magiciann44,Not your type is the best animator in India
@javaeditsInd,"Paaan khane😂😂😂
Mirgi Ka attack😂🤣"
@theajpodcast,Fan from Chhattisgarh😂😂
@Namish78,Finally ❤ not your type ❤ is back after one month😊
@vishalkumar-kq3fb,biggest success to notyourtype
@unique_sam_007,Maja a gya
@the_man_ofc,Kitta paisa re not your type teko 😅😅😅😅😅
@katta-dhaari-thakur,JEB KATRA 🤣😂👍🏻
@mr_official_18x,Not your type💖💖
@Play_Hear,Bhaii full entertainment 😂😂 love not your types video ❤ this collaboration is best 👍
@tropiczinja,"Netflix x NYT seems so unreal, yet its a masterpiece!"
@nandajadhav6999,Thank you Netflix for this collab. From many days I haven't watched money heist and not you type
@gin-sama,Jebkatre ke pas kitne bhi paise aajaye wo jebkatra hi rahta h  😂🤣🤣🤣🤣
@gin-sama,Jebkatre ke pas kitne bhi paise aajaye wo jebkatra hi rahta h  😂🤣🤣🤣🤣
@Rahul_Choudhary18,1:57 watching from Himachal 🤣🤣
@sheikhabdullahpanda,Netflix nhi xilften ha ye
@mihirkachhawa5488,Kese nalley chor wale udhar locker ke pass password bhosdi walo dikha hi nhi
@JitendraGhodela,@notyourtype
@kavyajindal2333,Finally NYT on Netflix youtube channel. Proud to be NYT armyyyyyy
@arpanchy1338,Fan of NOTYOURTYPE forever ❤️.
@MUMBAB,2:09
@Shreyespandey,processor was smart
@Gaureshgawade,Literally I can't stop my laughing 😂😂
@anmolrajput2003,Season 6kbb AIYAGA Money heist ka NETFLIX VALO YA TO BATIDO BSS BHOT TIME HO GYA ABB WAIT NAHI HO RAHA
@neetu603,🤣🤣🤣🤣🤣🤣
@aktbrothers9364,Best collaboration ever😂😂😂😂😂
@Anime-joy3955,"Wah.. Not your type rised this high🤍...
Proud🤍"
@iamevo9038,sheeeh
@AMMy_47,Better then original 😂
@ayushkaroy3290,Notyourtypeteamforever❤️❤️
@Rashmikareaction926,abe ja be simde😅😅😅
@DEAD0PASHELL,NYT and NETFLIX ❤
@kalukaliya9891,1000 years later
@ShivaGupta-fe5sn,Big fan( not your type) jo byi hai comment ko like karo
@evilgamerzzz3852,"Uske pas khud ke channel pe video upload karneka time nahi hai par Netflix se paise leke raato raat upload kar sakta hai 🙃
Paiso ka chakkar babu bhaiya 🙂"
@kaushikdev.0,NOTYOURTYPE + NETFLIX = FULL MJE 😂
@affablepratik,nyt❤️
@PNKJ_04,Bhai yaar mara name lena jaruri tha 🥺 so fanny 😘🤣
@Memix100,4:47 that sound 🤣🤣🤣
@op_Sahil224,"Password 101 😂😂😂
Nyt Subscriber"
@Auric311,Twist tho hai😂
@SidUnarchived,Oye hoye 😂❤
@kirmada_21,3:25 oo pols aagi pols
@retardinglately,"Yooo!!!

Not your type papii
U deserved this 🌟🧡"
@rameshnepal3485,i never get bored of watching his videos
@V3N0MX-j1n,No competition 😁😁😮
@Good78Bad,Who is pankaj
@Memix100,Rip-off
@sanjeeva_krishna_official962,Recently I have been watching continuosly Notyourtype videos and really liked all of them and now in Netflix ❤️🤞
@V3N0MX-j1n,Waiting for your next video ☺️🎉❤
@Good78Bad,Nice Comady 😂😂😂
@ayeshaclassesgk,Netflix India♥️Thank you for the terrific vdo। the hard work u put in ur vids is just awesome
@get-to_skilled.,"Ye thunvia
Hai 
Usi ki story"
@silentsniper0077,dude on stge
@NISHCHAL-cr7bt,Not your type opp 🎉🎉
@dalalshanaya7056,Dhoom machale dhoom machale😂😂😂
@punkk69,😂
@Vikash_1.0,3:59 part is just 😂
@Borutokachacha,"Love from chhattisgarh
Lekin shehro ki jagah states ke naam 😂 
Himachal aur chhattisgarh"
@ravindragarg8383,Money heist is copied from dhoom 3.
@Memix100,4:56 funniest scene 😂🤣🤣🤣
@DinoxGuy,Ayu is god of scripting !
@sushmabhardwaj8498,Jaldi jaldi comments kar deti hu likes milege
@vinayakpatel542,Not your type : Jalwa hai hamara 🔥
@biswajitchoudhury3746,Best of luck not your type🎉❤
@biswajitchoudhury3746,❤❤❤❤❤😂😂😂😂😂😂😂🎉🎉🎉🎉
@mesumkhan352,😂😂😂😂😂😂😂😂😂😂😂
@VarluKe,149*
@bhavyachopra8687,Oscar deserving story
@GiyuTomioka_X,Like who come here from Nyt~
@crazywooc,Doesn't anybody wanna talk about how good the twist was
@puneet7963,"Money:- heist and of Spain
Money Heist written by not your type:-bank of baroda 💀💀"
@rishi_2506,Money Heist already watched 😅❤
@Memix100,3:15 funniest scene😂🤣
@rameshtudu1723,❤❤😂
@iSandMan89,"sai tha bhai, but esa laga ki netflix ke limited content ki vajah se NYT ne kam achha video banaya compared to his old relatable vids..."
@ganganandkumar8869,Yeeeeeeehhh not your type in Netflix 💕🍻🍷
@hiphopfacts,Still Waiting 4 Money heist new season 😢😢😢
@pankajshaw674,"Jhooth hai ye, mere baap ko 70 loggo ne nahi 69 logo ne maara tha"
@Asheditzx580,The collab we want is finally here🙌
@mohitsasini1920,Arey bhai bhai bhai😂😂😂😂
@Memix100,2:09 tattu battu hokya😂
@Potatosac19,
@Niksmohan,Subscriber of Not Your Type since 600k
@arsalanurrahman,Bro got Netflix video 🗿 ( aaj to NYT ke ghar Paneer 🍛 banega !! )
@pichekenawabzaade4622,NYT Legend OP😘
@itzz_kishor_boy2867,Chhattisgarh se main hu 😊
@nikcasm,4:06 bro that's Minecraft's tnt sound 😭😂
@Sakshamshagun,"Finally
Not your type love u broo ❤"
@tanugoswami9465,Love From chhattisgarh 😂❤
@infernalone8894,Finally my boi is getting recognition 😢
@haarishkhan7607,Collab with rg bucket list
@lovelymeme7946,Wow
@ayushdubey3696,Can anyone tell how we can make such type of animation? Like which software
@devart8787,@notyourtype another hilarious one.
@devanshrocker1349,Superb can't stop laughing
@allgamer3573,I never new netflix will uplode this type of video
@Aniket24590,Nice❤❤
@MinatoPlayzZzYt,Bhai mara Nam Tarun ha
@YasHEDITS_3,O My God (OMG)
@furyff3136,Waiting for this day ❤ not your type following you from the very beginning
@Hawako,Love this forever
@islamic_motivator136,Best not your type @notyourtype
@Puneet_P,Kal hi soch raha tha NYT vdo nahi upload kar raha
@tusharkumar8750,"Wah bhai tumhara episode to Money Heist se bhi better tha
Ye baat mere bhi dimag mein aayi thi ki agar professor Colonel ko hi kharid leta to maza aa jata 🙏🙌🙌🙌"
@allgamer3573,Not your type plz uplode a video on your chanale 😢
@harshjadhal7976,Collaboration ❤
@Mohammad_Ashraf7,😂😂😂
@ratanr747,😂
@starkindustries1408,😜1:18 Processor 😜😂😂😂😆😆😆😂😂😆😆😆😂😂😂
@Movie_Keeda_100,Lol 🤣🤣🤣🤣🤣
@namanprasad2057,i am from bhopal 🤣🤣🤣🤣
@May_gettinbored,Next rg bucket vote
@sambalpuria7508,Not your type is very good enimeter
@itz_y59,Bhai Mera name Tarun hai
@ghostrecruit0871,"Not your type og fans represent ❤❤❤

Netflix recognising talent first only Desi and now not your type"
@hyderabadivines9007,Not your type ❤
@raghav_1844,Liking this video just for HIMACHAL
@shivamkumar12280,Nyt rocks
@rupendrapatel7527,I am from chattisgarh 😂😂
@shashankmaurya2603,"you have came so far
happy to see you like this"
@Vesco.,😂
@boil__ed,267th
@saikatdas924,Proud to be an not your tupeian ❤🎉
@milanshrestha3270,Wow 👌
@itzroshan999,Not your type op
@Mrsat127,Thanks not your type bhai😂😂
@javedahmedkazi8930,Op
@topchop4662,Tu bhi mujhe bheed m maar raha tha🤣🤣🤣🤣
@GODX11112,Not your type opppp
@rupendrapatel7527,NYT rock😊
@Aman_kumar98,😆😆😆
@iamshazeee,"Netflix while doing marketing:- 😎


Netflix while making shows:- 🤓"
@Axion_Plays,😂😂😂
@snehasharma227,Team NYT❤️❤️❤️❤️
@shivamrj,Gzb
@Speciallyadded,Maza aaya ❤
@shaubhagyakc9885,Netflix always choose the best
@carvingamingstation7292,Love 2 c u growing 💗 keep growing ❤
@heroxgamer755,Nyt opppp
@Psyedit,Chhattisgarh 😂😂😂 love you bro
@ANIKETGAMER3040,😂😂Password 😂😂
@HONEY_ONE,3:58 se 4:13 mast hai
@anujbhadoria1989,"Jinhone money heist nahi deki vo attendance lagao 😂
👇"
@sumit-yp8jl,Not your type rocks everyone shock 😎
@TheRealRajYT,Y wala bhadhiya tha
@Aman_kumar98,Best animator of India 💯❤️🔥
@rajusahu9662,I lived in Durg Chhattisgarh
@manishsaha2783,Can't stop laughing 😂😆😆😆😆😂😂😂😂😂😂😆😆😂.....💀⚰️
@mp16boy,Not your type in Netflix 💯💯💯💯
@iamshazeee,"My man got some recognisattion at last...

Bring back Nagry Prash in Netflix as well"
@nirajuikey4544,Tu bhi bheed me mujhe maar rha tha kya?😂😂😂
@aashipandey2783,YCYCY bank🤣🤣
@allofyouneed839,Yiii not your type ❤
@Vaishali12945,"*Not your type*  funny 😂
RJ's animation 🔥🔥"
@dnahsin5734,"आइये देखते है Ben stokes😂😂
मजा आ गया भाई😅😅😅"
@vivekpitambare3417,Bhai 😂 yeto mast hai
@Aobix,Bravo! 👏 first animater to collab with Netflix India.
@runubegum6119,Not your type team forever
@actionkamen2814,Supporting not ypur type since initiating days.. watching him grew and his content makes me more happy❤❤❤❤🎉
@ThisisArjunBiatch,Telegram's Money Heist
@inspirsamyt,Animation improve
@harryzhere1535,Not your type ❤️
@roxengaming.8040,Aaah yeah😈🥰
@sangeetapathak4831,Papi not your type exam toh tum cancel kra nhi paye mere result cancel kra do plzz tum toh bde admi ho na😭😭
@sareditzone,Not Your Type Attendance 😉
@FukraBoyvlogs07,Not your type forever🔥🔥🔥🔥🔥
@Sidtoonss,3:18 was best 🤣
@TirthVibes,🎉
@pubgfun2934,3:10 ye ayu kaha se aya bank me nokri mili kya 😂😂
@TirthVibes,Bhai khudke channel pe bhi video daal de ab 😂
@OiaOiaCat_Meme,"this call success @notyourtype 
thanks Netflix India ❤️💕"
@anishsarkar4705,Ayu bhi apki itni taraki dekh ka to ekdin taraki khud sarma jaigi
@pankajgundua520,Bhai mujhe kyu toda 😣🤧😭
@Dhruvkandoliya2,🤣
@shivadileep,Mumbai chhattisgarh 😂😂
@chocolatethesceptile,NYT TEAM❤
@Rushi7803,😂😂😂😂😂😂😂😂😂😂
@nayan69,"i wanted to watch ""Money Heist"" But you gave me spoilers 😢😢"
@akankshabhagat1695,Wow you say chattishgadh.😍😍thank u. I'm from chattishgadh.😊
@gouravthakur1600,Ya thi jab katra ki khani 😂😂
@jimmysaharna7614,❤❤❤
@chiranjeevsingh2486,Ending is Epic 😂
@nexlord2036,Finally Chhattisgarh got recognition 😂
@Dhruvkandoliya2,Hyy
@ziyanshaikh16,Nyt ❤
@PJGAMER_96,Not your type🔥🔥
@MrRishidev-lm2kk,Salid samajhkar kha bhi sakte ho 🤣🤣
@STROM_JI,Shayad not your type Chhattisgarh mein aaya tha kyunki mein uski video Chhattisgarh se hi dekh raha😅😅😂😂❤
@ratnasharma287,Disclaimer - Money Heist ke Kuch names And references
@fluxypie15,Password is lol or 101😂
@raviramanbesra1344,at last Netflix acknowledged one of our favourite creator!!
@sunitha_kitchen2004,Damn aaptho famous hogaye
@gauravsinghchouhan6216,Yahaa busy thaa bro
@Alive_.Editzz,NYT ❤
@MidnightLoFiCafe00,animation quality is next level 🤣🤣🤣
@shikhatiwari4027,Wow
@srgajanangaming8249,❤😂
@TelNerd,Not your type ❤❤  forever
@prabhatlifetime,omg
@shinestar2598,Not your type❤😂
@nexlord2036,Apna Bhai Bada aadmi bann gya
@meai5429,First time liking netflix vdo just for nyt😂
@HariomSingh-zi6ot,😅😅😅😅
@ajaymaravivlogs,Mai chhatisgarh 😂😂 se hi hu
@Wardenreverse45,No one expected the collaboration but very funny nyt never fail us laugh
@mr.orndm5496,Whoa
@lalitnayak274,You are worldwide now 🤩🤩🤩
@manishkaushik1152,"chattisgarh is not city it is a state 
😂😂"
@KD_PLAYZ.,Finly not your type in Netflix ❤❤❤
@agentboy6990,3:15😂😂😂
@rubisingh2060,Not your type op
@user-op3gr2do1g,NOT YOUR TYPE ❤️‍🔥
@Antrikshchaubey,1:56 LOVE FROM CHHATISGARH
@_aks-ara_,Not your type 🎉🤩 his storytelling skills ❤
@tanishkumar2716,Pj never disappoint.. 🤝
@pateldarshan5044,Make Collab with @rgbucketlist ❤️
@starboyeditzzZ,Not bad.😂
@winnie4344,So proud of you ❤❤
@Skylliner,Abe @not your type tera intezar hum tere channel pe kar rahe the or tu idhar Netflix pe ghum raha h 😔🔥👏🫣
@debojitrabha5366,Not your type ❤️
@shivam4535,Aaj Aayu paneer khaayega 😋
@abinash6019,Not your type 🥰🥰🤩🤩💥
@nagendrasahu9763,Also please Collab with RG BUCKET LIST ke sath
@fed-40sudeshrajad3,Ruk na shemde was best dialogue 😂😂😂
@sunildas7714,Itna late bro ...
@adarshop6361,From 0 to netflix an 2 million wow❤
@ASEN555,❤❤❤
@nagendrasahu9763,Love from chhatisgarh broo
@PranavPatil04,Not your type 🔥
@godofthunder3477,Not your type op bol te
@paplu2593,Not your type ❤❤❤❤❤
@_short_animator,He never disappoint us😅😊😊😅😊
@seblackff9971,CHALO SHI H NOT UR TYPE NETFLIX ME❤❤❤
@CKOILedits,First gang.❤❤
@too_x_crazy,ᴠɪᴅᴇᴏ ᴍᴇ ᴛᴏ ᴀꜱʟɪ ᴍᴏɴᴇy ʜᴇᴀꜱᴛ ꜱᴇ ᴊyᴀᴅᴀ ᴍᴀᴊᴀ ᴀᴀyᴀ 😊
@biggie-v6o,The twist 🔥🔥🥵
@swaritshinde,❤❤❤
@THE_KD_OFFICAL,Finally nyt in Netflix 😘
@Dj55555-Dhruv,Op not type are going hole your country
@BlackShadow_2010bd,0:40 😂😂😂
@vishnutc4011,Is it only me or someone else also find ending similar to movie 'Thunivu' where commisioner was culprit as well and decided to betray those 4 people sended inside the bank😅
@VK-re4jh,Password : 101 😂😂
@chefhokage4,"that"" heh heh heh aise kon darta h ,wo hamara sniper nhi h, usko chalate kse h and that password"" part was just awesome😂 !!!!NYT nailed it 🗿"
@Yadavedit,I love not your type voice ♥️
@Halaltalkwithikram,Op not your type 😂😂
@devastroofficial3798,Awesome nyt
@atgion8242,Khud Ke Channel ka to video Dal Nahin raha hai
@aakashbohara7262,Congratulations vai❤❤
@VibezZone56,Not your type gang forever 👻
@btryasy,Unexpected collab 😍
@Nostalgia_Gamer_Nes,"Finnally chattisgarh ka naam sunne ko mila 😂 I'm from chattisgarh

Love you ❤️ not your type🤣"
@officialNotYourType,Op
@mrnobody-gw1yy,I want this prosessor in my pc
@hackerkillergamer3355,NYT ap yaha kasa 😅
@Ayush_Shorts_Tv100k,Not your type op 🔥😂
@debankuradhikary7573,not your type 😘😘
@Nextgenprepai,MONEY HEIST IN A NUTSHELL 😅😅😅
@sem709,TBI WALE BE LIKE:- abhi lunch time hai baad main aana
@becomingpro1276,Not your type is never disappoint per is bar zyada let ho gaya video 😗😗😗
@satyajitdas7830,Thanks for this 😊☺️
@Perfect_b7,Bhopal or chattisgarh 😂😂😂😂
@__MEETTEJANI,unexpected collab not your type best
@WorldofManash,Not your type.❤
@Guy_Edits451,NOT YOUR TYPE Always ♥
@Nandu.69,Best 👍
@shubhamnanemabair9233,Are mai re 🤣🤣🤣
@imperialgamerzavi,Berlin AA Jaye bas
@tntjackgaming,Op bro ❤️
@mangaboi-ds5ul,NOT YOUR TYPE NOT YOUR TYPE NOT YOUR TYPE ZINDABAADAA👍👍👍👍!!!!
@Ace.00520,❤
@AJKISHOTS,He is adorable 😂❤
@juniorAnimation123,Not your type is best
@SuperHerooo,Bhai sahb londa ❤️‍🔥❤️‍🔥❤️‍🔥
@lookbackathits150,Ye bich video me animation kese badal gaya?
@Aayu2230,"The collab that no one expected but everyone deserves. 
*NYT X Netflix* ❤😊"
@RGs_Clips,"Bhaiii apne channel mai bhi dalo video, bohat din ho chuka h nhi aya.."
@pratiksankanatti7769,If it was a any web series it will 🎉🎉
@AnimeEdiz516,🎉
@JustFun-sn7po,Love from Bangladesh 🇧🇩🇧🇩🇧🇩🇧🇩
@pallavithakur5937,I missed you in these days😊😊😊😊
@vaayue,Isiliye Main Channels Par Video Nahi Aa Rahi Thi NOT YOUR TYPE🌚
@pallavithakur5937,😅😅🎉🎉❤😂😂😂🎉🎉
@krishnarelhan,"""Money heist - Berlin""
This is gonna be stupendous❤️🔥"
@mystriesworldharshsisodiya1762,Finally not your type jo deserve karta the vo unhe mila
@CrazyBoiReal,"Like those come from ""not your type"" community post"
@suraj_ly2,Not your type 😜
@nehapaswan8478,Mara Nam pankaj hai😂😂😂
@bhargav5167,🤣🤣
@thegreatestofalltime1154,Netflix tu kaamaal hoo yaar maza aagaya
@sumitdesle,❤😊😂😅❤😅❤
@Nine_Tails_Kurma,Mine State name is  Himachal Pradesh😂😅😅🤪🤪
@marstonbaby,Team nyt 😊
@ani404,😂😂
@bokutomsby,"Video kaafi jaldi mei banahi hai tabhi animation ""not your type"" jaisi nhi lagi"
@pankajsurankar,I am the processor
@akidogi7395,Pin pls! 😭
@lalitsarmal8259,bro Puri video spoiler free hai 😁
@arpankar9126,Yooo broo congrats
@Suriua-ms2qr,Finally some one Know that NYT is better than present creator's 😊😊
@bruhify3227,Not you type team forever 😉
@ishikabadode97,Really waiting for his video since exams started and now it's finally arrived...... 😭🌟❤️
@animator_601,Big fan ❤️
@Politics2029,"It doesn't matter his contant is on his channel or on Netflix, he never disappoint us.😇🫂"
@susgameryt135,Not your type is op
@ranadenish,@NOTYOURTYPE public yaha like kare!
@sanjaymahato3517,East or West not your type is best❤❤❤❤❤❤❤😊😊😊😊😊😊😊😊😊😊😊😂😂😂😂😂😂😂
@wxrsé,LET'S GO!
@raghavmehtaa,Not your type is love❤❤
@gangster4581,Bhai hasa hasa ke mar dalo GE kya
@MR-xd1bb,Not your type so funny
@random_memer_07,Hayee❤❤
@simtiyazsimtiyaz7239,Exams thay kay😮
@arnav_1290r,Waiting for season 6
@SobratOfficial,Early Gang 💖
@digantarts6439,Vo Jed nhi kuch aur hi Katar rha tha
@vedantt2863,Next RG Bucket List!
@galaxygamerz6298,😂
@MisterGoldX,Animation different hai thoda🤣😅
@Oggyff78,🤣
@nadeabhi3500,Kitna Paisa Diya Netflix ne 😅😅 agar Kam diya to iska matlab ye to nahi ki money heist karne nikal jao😂😂😂
@sartajislam7047,Finally he is now in Netflix!
@handle0007,"""Not Your Type"" supremacy >>>"
@brightmoon4098,No pankaj harmed during this vdeo💀
@SUNILSINGH-fe1ch,Not your type op
@the_editor_sk_47,Is nyt Mumbaikr?
@anshpanchal2326,Fun fact : Everyone came here from nyt's post
@gopalkrushnanaik3409,Deserving collaboration 😂❤️💯
@suyog3032,"03:17
Ishowspeed 😂😂"
@vcvccvj4782,OP
@brightmoon4098,"Finally netflex recognized real talent 😭😭😭😭
Edit :- i never knew such a copied comment would get these much likes💀"
@vector_ff9529,Guy getting to heights he deserved 🛐🗿
@tanakpurarmy4458,Omfo
@roastinggamer6394,my brother making movesss
@ashok47ksaharan47,I am very proud you seeing on natflix
@bhagwaforever,"Zone chnl pr to nhi banata

*Apne"
@avi9970,Aww finally Netflix ko not your type ke pass aana pda
@prithveenathchouhan,Finally some recognition to Chhattisgarh apart from naxalites 🤣 . Garv ho raha hai aaj apne Chhattisgarhiya hone par
@vip_venomgaming_yt3970,Part 2 chahiye bhai
@rachelmathew2972,maza aaagaya
@Ajoy-Das,OMG 😂❤ laajawaab
@naruakabane9908,"and one more thing ""Pj never disappoints"""
@not_rehan69,Missing *Re mai re*  dialogue
@naruakabane9908,Too good 🤣🤣🤣. Netflix this was a really good colab 😂
@scientifreak5,Now waiting for RG and Kirti to be featured here :)
@shaivjaiswal6084,Sniper k bagal mei cow baithi hai 😂😂😂😂😂
@shon.parale,I been waiting for your video for so long and I get to watch it here. Damn nice 🥹
@ravisinha8415,😂❤😢❤😅😂
@Its.Raj.Ed1tz,Not your type × Money Heist fan is here 😂
@PositiveSeeker,Not your type ki video ka intejaar kr rhe the chlo usky channel pr naa shi yhi shi
@laxmijha4246,Amazing
@ridaaltaf3782,That's why i was thinking he wasn't uploading...mujhe laga mar gaya...LOL🤣🤣
@smofox321,NOT YOU TYPE is a great funny boy in this world......
@AnoopRanaVlogs,*Hello Netflix good story telling us❤😊*
@gopalbudhia2308,The fact that the art style and quality keeps changing and noone complains... That's how entertaining it was 🤣
@sudarshanjyotibhuyan789,NYT never fails to make us laugh.
@ARIC_OG,Congrats nt ur type
@devuu981,❣️
@Rtmixlive7,Finally Not your type ko jo recognition milna chahiye tha mil raha hai 😳🔥
@MINHAZ_WHO,I don't believe this not your type in netflix 😃
@darksnight942,I LOVE NOT YOUR TYPE
@W_BRUTAL,"Just Finished MONEY HEIST season 5 
Wanted similar 
Then saw Netflix collaboration with NYT 😁🤩🤩🤩🤩🤩"
@ansumanpatnaik2396,1:09
@blockhistory7677,Op🎉🎉🎉🎉
@harshsanatani1,Asli channel pe video dal de bro 😂😂😂
@Riyasingh007,Best
@ayonjyotisarmah6499,"I'm a very big fan of not your type and watching him from long time, and now he working with Netflix 🫶🏼 he came to far and more to go brother"
@Mechrobox4,🔥🔥🔥
@minakshipal5851,NoT YoUr TyPe lOvE uuuu
@ujjwalkashyap9454,Love you mere Bhai😍
@user-hq8wm8giyujcg,"our animators, because they are indians, never try to create original animation style, tone, etc, its just little different, whatever they say west youtube animators doing, they mostly copy pasted it with indian context"
@GlamRushfashion,Not your type video kab ayegi?
@TIMELAPSER-18,Trigerrrrrŕrrrrrrrred
@farmanansari6710,Ye story sun ker mera pankaj udaas ho gaya 😂😂
@harshsanatani1,😂😂NYT bro
@editzone00,A good web series is never stop ........
@mejalalkhan.9561,Chhattisgarh 🤣🙌
@harshrajput6291,❤️❤️
@akshayjaiswal9379,1 Arturo Roman ki kami thhi bs🙂
@Sonu_Kumar328,Feeling happy for NYT❤❤
@DARKBRUH819,Not your type op
@shahzadsiddiqui747,op
@sagargiri13,Finally Netflix recognized real talent ;)
@sastianimation,Money Heist is My Favorite Series but You Killed it 😭
@GarryTol,Op
@Unicorn69...,Netflix stonks 📈
@Maybevinay99,I think this is the best collaboration 🤔😂
@Akhil01630,Not your type team forever❤
@mattdclxr6265,Maza a gaya Indian log agar money hiest banate to exactly esa h Banta lekin is vdo se better nahi ...😂😂😂
@Mboobies,Damn this collaboration 😂
@x4gar,Not your type
@Shadowdrop_2053_5,Not your type op bolte
@raja_pendro,Like kr do be..
@banvashanu,Sasta money hist 😂😂🖕
@Noot-Noodle,"love you from pakistan
@NOTYOURTYPE fav indian youtuber❤❤❤❤"
@vybavpatteri166,Pp
@nabiahmed53,Not your type never disappoint you❤😂
@utsavshiyani0117,❤️
@yashnailwal5574,Squid game season 2 kab aaegi
@swalehabokhari8874,Bhai yeh colab ka bhi expect nahi kara tha but so funny video😂😂😂😂 maza a gya 😂😂😂🎉❤
@JAYANTGames,Hlo
@jatin.x,1 comments
@danishpathan3628,Nice chanel bro
@bongaigaonpaglasthan1582,❤❤ @notyourtype
@ayushbhat131,Sky is the limit
@yashnailwal5574,Pankaj jebkatra op bolte
@starboltgaming2913,First view
@danishpathan3628,First me
@starboltgaming2913,First view
@shadder480,Finally he get some limelight ♥️
@maxpowergaming7487,😂😂op
@Sarabjotsingh515,Ist comment
@rohankarale78,😂😂
@furinamain72,FIRST 📍 ?
@shaikusmanali3576,😂
@Mikey__999,❤
@27moreyashajay49,@Notyourtype ❤❤❤
@Ayu.android,Op❤
@ManishGaming_02,😂
@Shronixyt,Success of not your type 🥴❣️
@gamer01strak,😍op bhai not your type
@AshishBharti-fm8cm,Bahut bakchodi video hai 😂😂😂
@sadangaming7878,Berlin series awaiting
@mim9148,Big fan 🙂
@ayush1111-v7f,❤❤
@himanxxxu,dubb peaky 🥲B hindi dubb
@R_Musician13,Pin me plzzz😊😊
@sandeepmaheshwari6915,Not your type never disappoint
@astrobro4486,First
@AKgamesexperiment,😂😂
@shamikadangare9808,First comment
@Abhishekszone,first
